live_round,workload,window_seconds,commitment_rps,offered,completed,completed_over_offered,ttft_slo_ms,tpot_slo_ms,over_ttft_slo_fraction,over_tpot_slo_fraction,over_token_slo_fraction,max_ttft_over_slo,max_tpot_over_slo,e2e_budget_ms,over_e2e_budget_fraction,max_latency_over_e2e_budget,token_latency_missing,failures
1,gpt2_p64_o64,31.536,0.0,0,0,,50.0,20.0,,,,,,1310.0,,,0,0
1,gpt2_p512_o512,31.536,0.0,0,0,,100.0,20.0,,,,,,10320.0,,,0,0
1,llama_p1024_o128,31.536,0.0,0,0,,180.0,35.0,,,,,,4625.0,,,0,0
1,llama_p2048_o64,31.536,0.0,0,0,,250.0,35.0,,,,,,2455.0,,,0,0
2,gpt2_p64_o64,9.895,0.232258064516129,2,2,1.0,50.0,20.0,0.0,0.0,0.0,0.3396,0.5626,1310.0,0.0,0.5541,0,0
2,gpt2_p512_o512,9.895,0.1706161137440758,2,2,1.0,100.0,20.0,0.5,0.0,0.5,44.0462,0.5661,10320.0,0.0,0.9843,0,0
2,llama_p1024_o128,9.895,0.5975103734439834,6,6,1.0,180.0,35.0,0.1667,0.0,0.1667,11.0888,0.8387,4625.0,0.0,0.9905,0,0
2,llama_p2048_o64,9.895,0.1795511221945137,2,2,1.0,250.0,35.0,0.0,0.0,0.0,0.8789,0.796,2455.0,0.0,0.8045,0,0
3,gpt2_p64_o64,24.826,0.0,0,0,,50.0,20.0,,,,,,1310.0,,,0,0
3,gpt2_p512_o512,24.826,0.1706161137440758,5,5,1.0,100.0,20.0,0.0,0.0,0.0,0.8136,0.5691,10320.0,0.0,0.5714,0,0
3,llama_p1024_o128,24.826,0.5975103734439834,15,15,1.0,180.0,35.0,0.0667,0.0,0.0667,1.0173,0.8442,4625.0,0.0,0.8483,0,0
3,llama_p2048_o64,24.826,0.1795511221945137,4,4,1.0,250.0,35.0,0.25,0.0,0.25,1.2493,0.6262,2455.0,0.0,0.6779,0,0
4,gpt2_p64_o64,33.027,0.0,0,0,,50.0,20.0,,,,,,1310.0,,,0,0
4,gpt2_p512_o512,33.027,0.0853080568720379,3,3,1.0,100.0,20.0,0.0,0.0,0.0,0.4131,0.5786,10320.0,0.0,0.5767,0,0
4,llama_p1024_o128,33.027,0.0,0,0,,180.0,35.0,,,,,,4625.0,,,0,0
4,llama_p2048_o64,33.027,0.1795511221945137,6,6,1.0,250.0,35.0,0.0,0.0,0.0,0.7971,0.6791,2455.0,0.0,0.6911,0,0
5,gpt2_p64_o64,41.166,0.232258064516129,9,9,1.0,50.0,20.0,0.1111,0.0,0.1111,1.4345,0.7424,1310.0,0.0,0.7396,0,0
5,gpt2_p512_o512,41.166,0.0853080568720379,4,4,1.0,100.0,20.0,0.0,0.0,0.0,0.4958,0.5649,10320.0,0.0,0.5642,0,0
5,llama_p1024_o128,41.166,0.0,0,0,,180.0,35.0,,,,,,4625.0,,,0,0
5,llama_p2048_o64,41.166,0.0,0,0,,250.0,35.0,,,,,,2455.0,,,0,0
6,gpt2_p64_o64,10.165,0.232258064516129,2,2,1.0,50.0,20.0,0.0,0.0,0.0,0.5329,0.7287,1310.0,0.0,0.7206,0,0
6,gpt2_p512_o512,10.165,0.0,0,0,,100.0,20.0,,,,,,10320.0,,,0,0
6,llama_p1024_o128,10.165,0.0,0,0,,180.0,35.0,,,,,,4625.0,,,0,0
6,llama_p2048_o64,10.165,0.0,0,0,,250.0,35.0,,,,,,2455.0,,,0,0
7,gpt2_p64_o64,10.893,0.0,0,0,,50.0,20.0,,,,,,1310.0,,,0,0
7,gpt2_p512_o512,10.893,0.0,0,0,,100.0,20.0,,,,,,10320.0,,,0,0
7,llama_p1024_o128,10.893,0.0,0,0,,180.0,35.0,,,,,,4625.0,,,0,0
7,llama_p2048_o64,10.893,0.0,0,0,,250.0,35.0,,,,,,2455.0,,,0,0
8,gpt2_p64_o64,9.75,0.0,0,0,,50.0,20.0,,,,,,1310.0,,,0,0
8,gpt2_p512_o512,9.75,0.0,0,0,,100.0,20.0,,,,,,10320.0,,,0,0
8,llama_p1024_o128,9.75,0.0,0,0,,180.0,35.0,,,,,,4625.0,,,0,0
8,llama_p2048_o64,9.75,0.0,0,0,,250.0,35.0,,,,,,2455.0,,,0,0
9,gpt2_p64_o64,32.423,0.0,0,0,,50.0,20.0,,,,,,1310.0,,,0,0
9,gpt2_p512_o512,32.423,0.0,0,0,,100.0,20.0,,,,,,10320.0,,,0,0
9,llama_p1024_o128,32.423,0.0,0,0,,180.0,35.0,,,,,,4625.0,,,0,0
9,llama_p2048_o64,32.423,0.0,0,0,,250.0,35.0,,,,,,2455.0,,,0,0
10,gpt2_p64_o64,17.355,0.232258064516129,4,4,1.0,50.0,20.0,0.25,0.0,0.25,1.5951,0.7332,1310.0,0.0,0.7661,0,0
10,gpt2_p512_o512,17.355,0.0853080568720379,2,2,1.0,100.0,20.0,0.5,0.0,0.5,28.263,0.5092,10320.0,0.0,0.7746,0,0
10,llama_p1024_o128,17.355,0.0,0,0,,180.0,35.0,,,,,,4625.0,,,0,0
10,llama_p2048_o64,17.355,0.0,0,0,,250.0,35.0,,,,,,2455.0,,,0,0
11,gpt2_p64_o64,35.616,0.0,0,0,,50.0,20.0,,,,,,1310.0,,,0,0
11,gpt2_p512_o512,35.616,0.0,0,0,,100.0,20.0,,,,,,10320.0,,,0,0
11,llama_p1024_o128,35.616,0.0,0,0,,180.0,35.0,,,,,,4625.0,,,0,0
11,llama_p2048_o64,35.616,0.0,0,0,,250.0,35.0,,,,,,2455.0,,,0,0
12,gpt2_p64_o64,37.773,0.0,0,0,,50.0,20.0,,,,,,1310.0,,,0,0
12,gpt2_p512_o512,37.773,0.0,0,0,,100.0,20.0,,,,,,10320.0,,,0,0
12,llama_p1024_o128,37.773,0.0,0,0,,180.0,35.0,,,,,,4625.0,,,0,0
12,llama_p2048_o64,37.773,0.1795511221945137,7,7,1.0,250.0,35.0,0.0,0.0,0.0,0.786,0.8268,2455.0,0.0,0.8214,0,0
