round,workload,runtime,gpu,profile,batch,completed,rate_rps,catalog_mu,factor,full_batch_share,gpu_ms_median
1,gpt2_p512_o512,gpt2-p512-o512-ampere-gpu0-s2-3-1g,ampere-gpu0,1g,1,7,0.1839,0.175,1.0511,1.0,5431.26
1,gpt2_p512_o512,gpt2-p512-o512-ampere-gpu0-s3-4-1g,ampere-gpu0,1g,1,6,0.1849,0.175,1.0565,1.0,5405.962
1,gpt2_p64_o64,gpt2-p64-o64-rtx1-worker-gpu0-s4-5-1g,rtx1-worker-gpu0,1g,1,47,1.3448,1.427,0.9424,1.0,742.378
1,llama_p1024_o128,llama-p1024-o128-ampere-gpu0-s0-2-2g,ampere-gpu0,2g,1,9,0.256,0.262,0.9772,1.0,3896.847
1,llama_p1024_o128,llama-p1024-o128-ampere-gpu1-s0-2-2g,ampere-gpu1,2g,1,9,0.2557,0.262,0.9761,1.0,3903.6
1,llama_p1024_o128,llama-p1024-o128-ampere-gpu1-s2-4-2g,ampere-gpu1,2g,1,9,0.255,0.262,0.9734,1.0,3914.312
1,llama_p1024_o128,llama-p1024-o128-rtx1-worker-gpu0-s0-2-2g,rtx1-worker-gpu0,2g,1,9,0.2607,0.262,0.9949,1.0,3831.521
1,llama_p1024_o128,llama-p1024-o128-rtx1-worker-gpu0-s2-4-2g,rtx1-worker-gpu0,2g,1,9,0.2598,0.262,0.9917,1.0,3842.747
1,llama_p2048_o64,llama-p2048-o64-ampere-gpu1-s4-7-3g,ampere-gpu1,3g,1,23,0.6451,0.639,1.0096,1.0,1541.998
1,resnet50_image,resnet50-image-ampere-gpu0-s6-7-1g,ampere-gpu0,1g,4,10060,287.4286,303.736,0.9463,1.0,13.491
1,vgg16_image,vgg16-image-ampere-gpu0-s4-6-2g,ampere-gpu0,2g,16,16028,457.9429,474.769,0.9646,1.0,34.548
1,vit_base_image,vit-base-image-rtx1-worker-gpu0-s5-6-1g,rtx1-worker-gpu0,1g,16,2192,62.6286,63.074,0.9929,1.0,254.758
1,vit_base_image,vit-base-image-rtx1-worker-gpu0-s6-7-1g,rtx1-worker-gpu0,1g,16,2192,62.6286,63.074,0.9929,1.0,255.655
2,gpt2_p512_o512,gpt2-p512-o512-ampere-gpu0-s2-3-1g,ampere-gpu0,1g,1,7,0.1841,0.175,1.0523,1.0,5427.221
2,gpt2_p512_o512,gpt2-p512-o512-ampere-gpu0-s3-4-1g,ampere-gpu0,1g,1,6,0.1847,0.175,1.0554,1.0,5406.01
2,gpt2_p64_o64,gpt2-p64-o64-rtx1-worker-gpu0-s4-5-1g,rtx1-worker-gpu0,1g,1,47,1.3454,1.427,0.9428,1.0,741.349
2,llama_p1024_o128,llama-p1024-o128-ampere-gpu0-s0-2-2g,ampere-gpu0,2g,1,9,0.2557,0.262,0.9761,1.0,3905.136
2,llama_p1024_o128,llama-p1024-o128-ampere-gpu1-s0-2-2g,ampere-gpu1,2g,1,9,0.2551,0.262,0.9736,1.0,3915.128
2,llama_p1024_o128,llama-p1024-o128-ampere-gpu1-s2-4-2g,ampere-gpu1,2g,1,9,0.2547,0.262,0.9722,1.0,3919.726
2,llama_p1024_o128,llama-p1024-o128-rtx1-worker-gpu0-s0-2-2g,rtx1-worker-gpu0,2g,1,9,0.2606,0.262,0.9948,1.0,3833.082
2,llama_p1024_o128,llama-p1024-o128-rtx1-worker-gpu0-s2-4-2g,rtx1-worker-gpu0,2g,1,9,0.2599,0.262,0.9921,1.0,3844.593
2,llama_p2048_o64,llama-p2048-o64-ampere-gpu1-s4-7-3g,ampere-gpu1,3g,1,23,0.6425,0.639,1.0055,1.0,1545.152
2,resnet50_image,resnet50-image-ampere-gpu0-s6-7-1g,ampere-gpu0,1g,4,10118,289.0857,303.736,0.9518,1.0,13.571
2,vgg16_image,vgg16-image-ampere-gpu0-s4-6-2g,ampere-gpu0,2g,32,16608,474.5143,493.386,0.9618,1.0,66.961
2,vit_base_image,vit-base-image-rtx1-worker-gpu0-s5-6-1g,rtx1-worker-gpu0,1g,16,2189,62.5429,63.074,0.9916,1.0,254.792
2,vit_base_image,vit-base-image-rtx1-worker-gpu0-s6-7-1g,rtx1-worker-gpu0,1g,16,2176,62.1714,63.074,0.9857,1.0,255.698
3,gpt2_p512_o512,gpt2-p512-o512-ampere-gpu0-s2-3-1g,ampere-gpu0,1g,1,7,0.1821,0.175,1.0406,1.0,5488.268
3,gpt2_p512_o512,gpt2-p512-o512-ampere-gpu0-s3-4-1g,ampere-gpu0,1g,1,6,0.1833,0.175,1.0476,1.0,5451.37
3,gpt2_p64_o64,gpt2-p64-o64-rtx1-worker-gpu0-s4-5-1g,rtx1-worker-gpu0,1g,1,47,1.3465,1.427,0.9436,1.0,739.802
3,llama_p1024_o128,llama-p1024-o128-ampere-gpu0-s0-2-2g,ampere-gpu0,2g,1,9,0.2567,0.262,0.9798,1.0,3888.816
3,llama_p1024_o128,llama-p1024-o128-ampere-gpu1-s2-4-2g,ampere-gpu1,2g,1,9,0.2534,0.262,0.9673,1.0,3940.184
3,llama_p1024_o128,llama-p1024-o128-rtx1-worker-gpu0-s0-2-2g,rtx1-worker-gpu0,2g,1,10,0.2606,0.262,0.9948,1.0,3831.292
3,llama_p1024_o128,llama-p1024-o128-rtx1-worker-gpu0-s2-4-2g,rtx1-worker-gpu0,2g,1,9,0.2599,0.262,0.992,1.0,3842.413
3,llama_p2048_o64,llama-p2048-o64-ampere-gpu1-s4-7-3g,ampere-gpu1,3g,1,22,0.6364,0.639,0.9959,1.0,1563.547
3,resnet50_image,resnet50-image-ampere-gpu0-s6-7-1g,ampere-gpu0,1g,4,10165,290.4286,303.736,0.9562,1.0,13.426
3,vgg16_image,vgg16-image-ampere-gpu0-s4-6-2g,ampere-gpu0,2g,4,12239,349.6857,363.206,0.9628,1.0,11.097
3,vgg16_image,vgg16-image-ampere-gpu1-s0-2-2g,ampere-gpu1,2g,1,7413,211.8,230.137,0.9203,1.0,4.308
3,vit_base_image,vit-base-image-rtx1-worker-gpu0-s5-6-1g,rtx1-worker-gpu0,1g,16,2186,62.4571,63.074,0.9902,1.0,254.763
3,vit_base_image,vit-base-image-rtx1-worker-gpu0-s6-7-1g,rtx1-worker-gpu0,1g,16,2192,62.6286,63.074,0.9929,1.0,255.584
4,gpt2_p512_o512,gpt2-p512-o512-ampere-gpu0-s2-3-1g,ampere-gpu0,1g,1,7,0.1818,0.175,1.0388,1.0,5496.054
4,gpt2_p512_o512,gpt2-p512-o512-ampere-gpu0-s3-4-1g,ampere-gpu0,1g,1,6,0.183,0.175,1.0458,1.0,5458.773
4,gpt2_p64_o64,gpt2-p64-o64-rtx1-worker-gpu0-s4-5-1g,rtx1-worker-gpu0,1g,1,48,1.357,1.427,0.9509,1.0,734.939
4,llama_p2048_o64,llama-p2048-o64-rtx1-worker-gpu0-s0-4-4g,rtx1-worker-gpu0,4g,1,22,0.6198,0.655,0.9463,1.0,1607.94
4,resnet50_image,resnet50-image-ampere-gpu0-s6-7-1g,ampere-gpu0,1g,1,6786,193.8857,190.188,1.0194,1.0,4.851
4,vgg16_image,vgg16-image-ampere-gpu0-s0-2-2g,ampere-gpu0,2g,1,7613,217.5143,230.137,0.9452,1.0,4.306
4,vgg16_image,vgg16-image-ampere-gpu0-s4-6-2g,ampere-gpu0,2g,4,12136,346.7429,363.206,0.9547,1.0,11.211
4,vit_base_image,vit-base-image-rtx1-worker-gpu0-s5-6-1g,rtx1-worker-gpu0,1g,16,2176,62.1714,63.074,0.9857,1.0,254.928
4,vit_base_image,vit-base-image-rtx1-worker-gpu0-s6-7-1g,rtx1-worker-gpu0,1g,16,2176,62.1714,63.074,0.9857,1.0,255.684
5,gpt2_p512_o512,gpt2-p512-o512-ampere-gpu1-s2-3-1g,ampere-gpu1,1g,1,6,0.181,0.175,1.034,1.0,5521.328
5,gpt2_p64_o64,gpt2-p64-o64-ampere-gpu1-s0-1-1g,ampere-gpu1,1g,1,53,1.5156,1.427,1.0621,1.0,656.092
5,resnet50_image,resnet50-image-ampere-gpu1-s6-7-1g,ampere-gpu1,1g,1,6718,191.9429,190.188,1.0092,1.0,4.947
5,vgg16_image,vgg16-image-ampere-gpu1-s4-6-2g,ampere-gpu1,2g,16,15824,452.1143,474.769,0.9523,1.0,35.164
5,vit_base_image,vit-base-image-ampere-gpu1-s1-2-1g,ampere-gpu1,1g,16,2032,58.0571,63.074,0.9205,1.0,276.763
5,vit_base_image,vit-base-image-ampere-gpu1-s3-4-1g,ampere-gpu1,1g,16,2016,57.6,63.074,0.9132,1.0,278.723
6,gpt2_p512_o512,gpt2-p512-o512-ampere-gpu1-s2-3-1g,ampere-gpu1,1g,1,6,0.1816,0.175,1.0378,1.0,5503.565
6,gpt2_p64_o64,gpt2-p64-o64-ampere-gpu1-s0-1-1g,ampere-gpu1,1g,1,53,1.5159,1.427,1.0623,1.0,656.138
6,resnet50_image,resnet50-image-ampere-gpu1-s6-7-1g,ampere-gpu1,1g,1,6638,189.6571,190.188,0.9972,1.0,5.029
6,vgg16_image,vgg16-image-ampere-gpu1-s4-6-2g,ampere-gpu1,2g,16,15584,445.2571,474.769,0.9378,1.0,35.587
6,vit_base_image,vit-base-image-ampere-gpu1-s1-2-1g,ampere-gpu1,1g,1,1576,45.0286,50.028,0.9001,1.0,21.881
6,vit_base_image,vit-base-image-ampere-gpu1-s3-4-1g,ampere-gpu1,1g,1,1562,44.6286,50.028,0.8921,1.0,22.064
7,gpt2_p512_o512,gpt2-p512-o512-ampere-gpu1-s2-3-1g,ampere-gpu1,1g,1,6,0.1811,0.175,1.0347,1.0,5519.529
7,gpt2_p64_o64,gpt2-p64-o64-ampere-gpu1-s0-1-1g,ampere-gpu1,1g,1,53,1.5167,1.427,1.0629,1.0,656.002
7,resnet50_image,resnet50-image-ampere-gpu1-s6-7-1g,ampere-gpu1,1g,1,6738,192.5143,190.188,1.0122,1.0,4.985
7,vgg16_image,vgg16-image-ampere-gpu1-s4-6-2g,ampere-gpu1,2g,16,15724,449.2571,474.769,0.9463,1.0,35.367
7,vit_base_image,vit-base-image-ampere-gpu1-s1-2-1g,ampere-gpu1,1g,16,2000,57.1429,63.074,0.906,1.0,279.152
7,vit_base_image,vit-base-image-ampere-gpu1-s3-4-1g,ampere-gpu1,1g,16,1984,56.6857,63.074,0.8987,1.0,281.266
8,gpt2_p512_o512,gpt2-p512-o512-ampere-gpu1-s2-3-1g,ampere-gpu1,1g,1,6,0.1812,0.175,1.0354,1.0,5515.302
8,gpt2_p64_o64,gpt2-p64-o64-ampere-gpu1-s0-1-1g,ampere-gpu1,1g,1,54,1.5189,1.427,1.0644,1.0,655.12
8,resnet50_image,resnet50-image-ampere-gpu1-s6-7-1g,ampere-gpu1,1g,1,6710,191.7143,190.188,1.008,1.0,4.938
8,vgg16_image,vgg16-image-ampere-gpu1-s4-6-2g,ampere-gpu1,2g,4,11988,342.5143,363.206,0.943,1.0,11.319
8,vit_base_image,vit-base-image-ampere-gpu1-s1-2-1g,ampere-gpu1,1g,16,2016,57.6,63.074,0.9132,1.0,276.331
8,vit_base_image,vit-base-image-ampere-gpu1-s3-4-1g,ampere-gpu1,1g,16,2016,57.6,63.074,0.9132,1.0,278.279
9,gpt2_p512_o512,gpt2-p512-o512-ampere-gpu1-s2-3-1g,ampere-gpu1,1g,1,6,0.1811,0.175,1.0346,1.0,5518.307
9,gpt2_p64_o64,gpt2-p64-o64-ampere-gpu1-s0-1-1g,ampere-gpu1,1g,1,53,1.5193,1.427,1.0647,1.0,654.796
9,llama_p2048_o64,llama-p2048-o64-ampere-gpu0-s4-7-3g,ampere-gpu0,3g,1,24,0.6636,0.639,1.0386,1.0,1499.249
9,resnet50_image,resnet50-image-ampere-gpu1-s6-7-1g,ampere-gpu1,1g,1,6759,193.1143,190.188,1.0154,1.0,4.984
9,vgg16_image,vgg16-image-ampere-gpu1-s4-6-2g,ampere-gpu1,2g,32,16416,469.0286,493.386,0.9506,1.0,68.066
9,vit_base_image,vit-base-image-ampere-gpu1-s1-2-1g,ampere-gpu1,1g,16,2000,57.1429,63.074,0.906,1.0,279.202
9,vit_base_image,vit-base-image-ampere-gpu1-s3-4-1g,ampere-gpu1,1g,16,1984,56.6857,63.074,0.8987,1.0,281.06
10,gpt2_p512_o512,gpt2-p512-o512-ampere-gpu1-s2-3-1g,ampere-gpu1,1g,1,6,0.181,0.175,1.034,1.0,5520.959
10,gpt2_p64_o64,gpt2-p64-o64-ampere-gpu1-s0-1-1g,ampere-gpu1,1g,1,53,1.5173,1.427,1.0633,1.0,655.688
10,resnet50_image,resnet50-image-ampere-gpu1-s6-7-1g,ampere-gpu1,1g,1,6678,190.8,190.188,1.0032,1.0,5.017
10,vgg16_image,vgg16-image-ampere-gpu1-s4-6-2g,ampere-gpu1,2g,16,15584,445.2571,474.769,0.9378,1.0,35.58
10,vit_base_image,vit-base-image-ampere-gpu1-s1-2-1g,ampere-gpu1,1g,1,1578,45.0857,50.028,0.9012,1.0,21.872
10,vit_base_image,vit-base-image-ampere-gpu1-s3-4-1g,ampere-gpu1,1g,1,1566,44.7429,50.028,0.8944,1.0,22.049
11,gpt2_p512_o512,gpt2-p512-o512-ampere-gpu1-s2-3-1g,ampere-gpu1,1g,1,6,0.1808,0.175,1.033,1.0,5525.027
11,gpt2_p64_o64,gpt2-p64-o64-ampere-gpu1-s0-1-1g,ampere-gpu1,1g,1,53,1.5171,1.427,1.0631,1.0,655.678
11,llama_p2048_o64,llama-p2048-o64-ampere-gpu0-s4-7-3g,ampere-gpu0,3g,1,24,0.662,0.639,1.036,1.0,1502.764
11,resnet50_image,resnet50-image-ampere-gpu1-s6-7-1g,ampere-gpu1,1g,1,6663,190.3714,190.188,1.001,1.0,5.023
11,vgg16_image,vgg16-image-ampere-gpu1-s4-6-2g,ampere-gpu1,2g,16,15600,445.7143,474.769,0.9388,1.0,35.585
11,vit_base_image,vit-base-image-ampere-gpu1-s1-2-1g,ampere-gpu1,1g,1,1578,45.0857,50.028,0.9012,1.0,21.875
11,vit_base_image,vit-base-image-ampere-gpu1-s3-4-1g,ampere-gpu1,1g,1,1566,44.7429,50.028,0.8944,1.0,22.062
12,gpt2_p64_o64,gpt2-p64-o64-rtx1-worker-gpu0-s0-1-1g,rtx1-worker-gpu0,1g,1,44,1.2689,1.427,0.8892,1.0,786.185
12,llama_p1024_o128,llama-p1024-o128-ampere-gpu0-s0-2-2g,ampere-gpu0,2g,1,9,0.2539,0.262,0.9689,1.0,3931.182
12,llama_p1024_o128,llama-p1024-o128-rtx1-worker-gpu0-s4-7-3g,rtx1-worker-gpu0,3g,1,11,0.3118,0.352,0.8859,1.0,3200.043
12,llama_p2048_o64,llama-p2048-o64-ampere-gpu0-s4-7-3g,ampere-gpu0,3g,1,22,0.6341,0.639,0.9923,1.0,1569.927
12,resnet50_image,resnet50-image-rtx1-worker-gpu0-s2-3-1g,rtx1-worker-gpu0,1g,1,6016,171.8857,190.188,0.9038,1.0,5.539
12,vgg16_image,vgg16-image-ampere-gpu0-s2-4-2g,ampere-gpu0,2g,16,15792,451.2,474.769,0.9504,1.0,34.794
12,vit_base_image,vit-base-image-rtx1-worker-gpu0-s1-2-1g,rtx1-worker-gpu0,1g,1,1727,49.3429,50.028,0.9863,1.0,19.858
12,vit_base_image,vit-base-image-rtx1-worker-gpu0-s3-4-1g,rtx1-worker-gpu0,1g,1,1719,49.1143,50.028,0.9817,1.0,19.958
