workload,runtime,profile,batch,round,saturated_seconds,capacity_rps,catalog_mu,factor
resnet50_image,resnet50-image-ampere-gpu0-s6-7-1g,1g,1,4,11,161.727,190.188,0.8504
vgg16_image,vgg16-image-ampere-gpu0-s4-6-2g,2g,4,3,14,340.571,363.206,0.9377
vgg16_image,vgg16-image-ampere-gpu0-s4-6-2g,2g,4,4,10,356.8,363.206,0.9824
vgg16_image,vgg16-image-ampere-gpu0-s4-6-2g,2g,16,1,12,464.0,474.769,0.9773
vgg16_image,vgg16-image-ampere-gpu0-s4-6-2g,2g,16,5,46,452.957,474.769,0.9541
vgg16_image,vgg16-image-ampere-gpu0-s4-6-2g,2g,16,6,41,454.878,474.769,0.9581
vgg16_image,vgg16-image-ampere-gpu0-s4-6-2g,2g,16,7,60,462.917,474.769,0.975
vgg16_image,vgg16-image-ampere-gpu0-s4-6-2g,2g,32,2,21,475.905,493.386,0.9646
vgg16_image,vgg16-image-ampere-gpu0-s4-6-2g,2g,32,3,6,409.0,493.386,0.829
vgg16_image,vgg16-image-ampere-gpu1-s2-4-2g,2g,16,12,8,466.0,474.769,0.9815
vit_base_image,vit-base-image-ampere-gpu0-s1-2-1g,1g,16,5,45,59.867,63.074,0.9491
vit_base_image,vit-base-image-ampere-gpu0-s1-2-1g,1g,16,7,20,59.6,63.074,0.9449
vit_base_image,vit-base-image-ampere-gpu0-s1-2-1g,1g,16,8,48,60.146,63.074,0.9536
vit_base_image,vit-base-image-ampere-gpu0-s1-2-1g,1g,16,9,75,60.387,63.074,0.9574
vit_base_image,vit-base-image-ampere-gpu0-s3-4-1g,1g,16,5,52,59.808,63.074,0.9482
vit_base_image,vit-base-image-ampere-gpu0-s3-4-1g,1g,16,7,20,59.9,63.074,0.9497
vit_base_image,vit-base-image-ampere-gpu0-s3-4-1g,1g,16,8,48,60.354,63.074,0.9569
vit_base_image,vit-base-image-ampere-gpu0-s3-4-1g,1g,16,9,75,60.387,63.074,0.9574
vit_base_image,vit-base-image-rtx1-worker-gpu0-s5-6-1g,1g,16,1,8,62.0,63.074,0.983
vit_base_image,vit-base-image-rtx1-worker-gpu0-s5-6-1g,1g,16,2,28,62.286,63.074,0.9875
vit_base_image,vit-base-image-rtx1-worker-gpu0-s5-6-1g,1g,16,3,30,62.4,63.074,0.9893
vit_base_image,vit-base-image-rtx1-worker-gpu0-s6-7-1g,1g,16,1,8,62.0,63.074,0.983
vit_base_image,vit-base-image-rtx1-worker-gpu0-s6-7-1g,1g,16,2,28,62.286,63.074,0.9875
vit_base_image,vit-base-image-rtx1-worker-gpu0-s6-7-1g,1g,16,3,30,62.4,63.074,0.9893
