live_round,workload,window,window_s,offered,on_time,late,failed_outage_404,failed_overload,failed_other,bad_fraction,goodput,late_fraction_of_completed,over_slo_profile_basis_of_completed,outage_span_s,no_op,late_unadjusted,late_fraction_unadjusted_of_completed,slo_added_ms_p10,slo_added_ms_p50,slo_added_ms_p90,slo_added_fill_ms_p50,slo_added_compute_ms_p50
2,gpt2_p512_o512,steady,30.001,4,3,1,0,0,0,0.25,0.75,0.25,0.0,,False,1,0.25,2.0,2.0,2.0,,
2,gpt2_p64_o64,steady,30.001,5,5,0,0,0,0,0.0,1.0,0.0,0.0,,False,0,0.0,2.0,2.0,2.0,,
2,llama_p1024_o128,steady,30.001,17,9,8,0,0,0,0.4706,0.5294,0.4706,0.0,,False,8,0.4706,2.0,2.0,2.0,,
2,llama_p2048_o64,steady,30.001,9,5,4,0,0,0,0.4444,0.5556,0.4444,0.0,,False,4,0.4444,2.0,2.0,2.0,,
2,resnet50_image,steady,30.001,6383,6315,68,0,0,0,0.0107,0.9893,0.0107,0.0,,False,75,0.0117,6.184,6.184,6.882,0.0,4.184
2,vgg16_image,steady,30.001,14393,14029,364,0,0,0,0.0253,0.9747,0.0253,0.0,,False,453,0.0315,14.889,14.889,14.889,6.253,6.636
2,vit_base_image,steady,30.001,3785,3785,0,0,0,0,0.0,1.0,0.0,0.0,,False,0,0.0,12.931,12.931,21.902,0.0,10.931
3,gpt2_p512_o512,makespan,0.0,0,0,0,0,0,0,0.0,,0.0,0.0,,True,0,0.0,,,,,
3,gpt2_p512_o512,steady,30.0,2,2,0,0,0,0,0.0,1.0,0.0,0.0,,False,0,0.0,2.0,2.0,2.0,,
3,llama_p1024_o128,makespan,0.0,0,0,0,0,0,0,0.0,,0.0,0.0,,True,0,0.0,,,,,
3,llama_p1024_o128,steady,30.0,17,7,10,0,0,0,0.5882,0.4118,0.5882,0.0,,False,10,0.5882,2.0,2.0,2.0,,
3,llama_p2048_o64,makespan,0.0,0,0,0,0,0,0,0.0,,0.0,0.0,,True,0,0.0,,,,,
3,llama_p2048_o64,steady,30.0,4,3,1,0,0,0,0.25,0.75,0.25,0.0,,False,1,0.25,2.0,2.0,2.0,,
3,resnet50_image,makespan,0.0,0,0,0,0,0,0,0.0,,0.0,0.0,,True,0,0.0,,,,,
3,resnet50_image,steady,30.0,6466,6380,86,0,0,0,0.0133,0.9867,0.0133,0.0,,False,89,0.0138,6.877,6.877,8.162,0.0,4.877
3,vgg16_image,makespan,0.0,0,0,0,0,0,0,0.0,,0.0,0.0,,True,0,0.0,,,,,
3,vgg16_image,steady,30.0,15189,14752,437,0,0,0,0.0288,0.9712,0.0288,0.0,,False,525,0.0346,14.659,14.659,14.659,5.925,6.734
3,vit_base_image,makespan,0.0,0,0,0,0,0,0,0.0,,0.0,0.0,,True,0,0.0,,,,,
3,vit_base_image,steady,30.0,3691,3691,0,0,0,0,0.0,1.0,0.0,0.0,,False,0,0.0,13.148,13.148,21.896,0.0,11.148
4,gpt2_p512_o512,steady,30.0,2,2,0,0,0,0,0.0,1.0,0.0,0.0,,False,0,0.0,2.0,2.0,2.0,,
4,gpt2_p64_o64,steady,30.0,8,6,2,0,0,0,0.25,0.75,0.25,0.0,,False,2,0.25,2.0,2.0,2.0,,
4,llama_p2048_o64,makespan,5.12,1,1,0,0,0,0,0.0,1.0,0.0,0.0,,False,0,0.0,2.0,2.0,2.0,,
4,llama_p2048_o64,steady,30.0,5,4,1,0,0,0,0.2,0.8,0.2,0.0,,False,1,0.2,2.0,2.0,2.0,,
4,resnet50_image,makespan,5.12,862,862,0,0,0,0,0.0,1.0,0.0,0.0,,False,0,0.0,8.172,8.172,8.527,0.0,6.172
4,resnet50_image,steady,30.0,4876,4800,76,0,0,0,0.0156,0.9844,0.0156,0.0,,False,88,0.018,8.17,8.17,8.547,0.0,6.17
4,vgg16_image,makespan,5.12,2306,2306,0,0,0,0,0.0,1.0,0.0,0.0,,False,0,0.0,15.357,15.357,15.357,6.661,6.696
4,vgg16_image,steady,30.0,13995,13298,697,0,0,0,0.0498,0.9502,0.0498,0.0,,False,874,0.0625,15.132,15.132,15.132,6.431,6.701
4,vit_base_image,makespan,5.12,629,629,0,0,0,0,0.0,1.0,0.0,0.0,,False,0,0.0,13.057,13.057,21.904,0.0,11.057
4,vit_base_image,steady,30.0,3699,3699,0,0,0,0,0.0,1.0,0.0,0.0,,False,0,0.0,13.097,13.097,21.899,0.0,11.097
5,gpt2_p512_o512,makespan,0.0,0,0,0,0,0,0,0.0,,0.0,0.0,,True,0,0.0,,,,,
5,gpt2_p512_o512,steady,30.001,2,1,1,0,0,0,0.5,0.5,0.5,0.0,,False,1,0.5,2.0,2.0,2.0,,
5,gpt2_p64_o64,makespan,0.0,0,0,0,0,0,0,0.0,,0.0,0.0,,True,0,0.0,,,,,
5,gpt2_p64_o64,steady,30.001,9,6,3,0,0,0,0.3333,0.6667,0.3333,0.0,,False,3,0.3333,2.0,2.0,2.0,,
5,resnet50_image,makespan,0.0,0,0,0,0,0,0,0.0,,0.0,0.0,,True,0,0.0,,,,,
5,resnet50_image,steady,30.001,2779,2770,9,0,0,0,0.0032,0.9968,0.0032,0.0,,False,9,0.0032,8.317,8.585,8.585,0.0,6.585
5,vgg16_image,makespan,0.0,0,0,0,0,0,0,0.0,,0.0,0.0,,True,0,0.0,,,,,
5,vgg16_image,steady,30.001,14002,13740,262,0,0,0,0.0187,0.9813,0.0187,0.0,,False,312,0.0223,15.1,15.1,15.1,6.428,6.672
5,vit_base_image,makespan,0.0,0,0,0,0,0,0,0.0,,0.0,0.0,,True,0,0.0,,,,,
5,vit_base_image,steady,30.001,3704,3704,0,0,0,0,0.0,1.0,0.0,0.0,,False,0,0.0,13.029,13.029,21.886,0.0,11.029
6,gpt2_p64_o64,makespan,21.153,13,1,0,12,0,0,0.9231,0.0769,0.0,0.0,13.21,False,0,0.0,2.0,2.0,2.0,,
6,gpt2_p64_o64,steady,30.001,2,2,0,0,0,0,0.0,1.0,0.0,0.0,,False,0,0.0,2.0,2.0,2.0,,
6,resnet50_image,makespan,21.153,1448,348,0,1100,0,0,0.7597,0.2403,0.0,0.0,16.201,False,0,0.0,6.986,6.986,6.986,0.0,4.986
6,resnet50_image,steady,30.001,2077,2059,18,0,0,0,0.0087,0.9913,0.0087,0.0,,False,24,0.0116,8.42,8.42,8.42,0.0,6.42
6,vgg16_image,makespan,21.153,9711,9535,176,0,0,0,0.0181,0.9819,0.0181,0.0,,False,189,0.0195,15.184,15.184,15.184,6.535,6.65
6,vgg16_image,steady,30.001,13810,13628,182,0,0,0,0.0132,0.9868,0.0132,0.0,,False,279,0.0202,15.197,15.197,15.197,6.517,6.68
6,vit_base_image,makespan,21.153,1580,1580,0,0,0,0,0.0,1.0,0.0,0.0,,False,0,0.0,13.015,13.015,13.015,0.0,11.015
6,vit_base_image,steady,30.001,2218,2218,0,0,0,0,0.0,1.0,0.0,0.0,,False,0,0.0,13.082,13.082,13.082,0.0,11.082
7,resnet50_image,makespan,10.845,587,587,0,0,0,0,0.0,1.0,0.0,0.0,,False,0,0.0,8.487,8.487,8.487,0.0,6.487
7,resnet50_image,steady,30.002,1758,1744,14,0,0,0,0.008,0.992,0.008,0.0,,False,19,0.0108,8.538,8.538,8.538,0.0,6.538
7,vgg16_image,makespan,10.845,4993,4993,0,0,0,0,0.0,1.0,0.0,0.0,,False,0,0.0,15.159,15.159,15.159,6.516,6.642
7,vgg16_image,steady,30.002,14060,13734,326,0,0,0,0.0232,0.9768,0.0232,0.0,,False,492,0.035,15.32,15.32,15.32,6.402,6.918
7,vit_base_image,makespan,10.845,782,782,0,0,0,0,0.0,1.0,0.0,0.0,,False,0,0.0,13.093,13.093,13.093,0.0,11.093
7,vit_base_image,steady,30.002,3621,3351,270,0,0,0,0.0746,0.9254,0.0746,0.0,,False,299,0.0826,13.598,13.598,23.274,0.0,11.598
8,resnet50_image,makespan,0.577,31,31,0,0,0,0,0.0,1.0,0.0,0.0,,False,0,0.0,8.499,8.499,8.499,0.0,6.499
8,resnet50_image,steady,30.001,2364,2326,38,0,0,0,0.0161,0.9839,0.0161,0.0,,False,39,0.0165,8.512,8.512,8.512,0.0,6.512
8,vgg16_image,makespan,0.577,184,184,0,0,0,0,0.0,1.0,0.0,0.0,,False,0,0.0,4.718,4.718,4.718,0.0,2.718
8,vgg16_image,steady,30.001,9518,7632,1886,0,0,0,0.1982,0.8018,0.1982,0.0,,False,1979,0.2079,4.71,4.71,4.71,0.0,2.71
8,vit_base_image,makespan,0.577,85,85,0,0,0,0,0.0,1.0,0.0,0.0,,False,0,0.0,13.439,13.439,23.04,0.0,11.439
8,vit_base_image,steady,30.001,3730,3730,0,0,0,0,0.0,1.0,0.0,0.0,,False,0,0.0,13.449,13.449,23.046,0.0,11.449
9,gpt2_p512_o512,steady,30.001,5,3,2,0,0,0,0.4,0.6,0.4,0.0,,False,2,0.4,2.0,2.0,2.0,,
9,gpt2_p64_o64,steady,30.001,10,8,2,0,0,0,0.2,0.8,0.2,0.0,,False,2,0.2,2.0,2.0,2.0,,
9,llama_p2048_o64,steady,30.001,10,8,2,0,0,0,0.2,0.8,0.2,0.0,,False,2,0.2,2.0,2.0,2.0,,
9,resnet50_image,makespan,27.485,2363,2328,35,0,0,0,0.0148,0.9852,0.0148,0.0,,False,37,0.0157,8.498,8.498,8.498,0.0,6.498
9,resnet50_image,steady,30.001,3021,2937,84,0,0,0,0.0278,0.9722,0.0278,0.0,,False,95,0.0314,8.523,8.523,8.523,0.0,6.523
9,vgg16_image,makespan,27.485,8743,8637,106,0,0,0,0.0121,0.9879,0.0121,0.0,,False,150,0.0172,16.899,16.899,16.899,9.431,5.468
9,vgg16_image,steady,30.001,14148,13563,585,0,0,0,0.0413,0.9587,0.0413,0.0,,False,701,0.0495,15.33,15.33,15.33,6.362,6.968
9,vit_base_image,makespan,27.485,3395,3395,0,0,0,0,0.0,1.0,0.0,0.0,,False,0,0.0,13.306,13.306,22.654,0.0,11.306
9,vit_base_image,steady,30.001,3669,3647,22,0,0,0,0.006,0.994,0.006,0.0,,False,46,0.0125,13.673,13.673,23.452,0.0,11.673
10,gpt2_p512_o512,makespan,21.453,4,1,3,0,0,0,0.75,0.25,0.75,0.0,,False,3,0.75,2.0,2.0,2.0,,
10,gpt2_p512_o512,steady,30.001,5,0,5,0,0,0,1.0,0.0,1.0,0.0,,False,5,1.0,2.0,2.0,2.0,,
10,gpt2_p64_o64,makespan,21.453,6,6,0,0,0,0,0.0,1.0,0.0,0.0,,False,0,0.0,2.0,2.0,2.0,,
10,gpt2_p64_o64,steady,30.001,5,4,1,0,0,0,0.2,0.8,0.2,0.0,,False,1,0.2,2.0,2.0,2.0,,
10,resnet50_image,makespan,21.453,2270,0,0,2270,0,0,1.0,0.0,,,21.4,False,0,,,,,,
10,resnet50_image,steady,30.001,3268,3206,62,0,0,0,0.019,0.981,0.019,0.0,,False,64,0.0196,6.761,6.761,6.761,0.0,4.761
10,vgg16_image,makespan,21.453,9447,6073,0,3374,0,0,0.3572,0.6428,0.0,0.0,7.755,False,1049,0.1727,155.517,155.517,155.517,109.507,44.009
10,vgg16_image,steady,30.001,13220,12649,571,0,0,0,0.0432,0.9568,0.0432,0.0,,False,4179,0.3161,120.646,120.646,120.646,70.35,48.296
10,vit_base_image,makespan,21.453,1595,3,0,1592,0,0,0.9981,0.0019,0.0,0.0,21.401,False,0,0.0,12.952,12.952,12.952,0.0,10.952
10,vit_base_image,steady,30.001,2187,2187,0,0,0,0,0.0,1.0,0.0,0.0,,False,0,0.0,12.909,12.909,12.909,0.0,10.909
11,llama_p2048_o64,steady,30.001,6,6,0,0,0,0,0.0,1.0,0.0,0.0,,False,0,0.0,2.0,2.0,2.0,,
11,resnet50_image,makespan,21.216,2361,2357,4,0,0,0,0.0017,0.9983,0.0017,0.0,,False,5,0.0021,7.374,7.374,7.374,0.0,5.374
11,resnet50_image,steady,30.001,4388,3729,659,0,0,0,0.1502,0.8498,0.1502,0.0,,False,668,0.1522,6.737,6.737,6.737,0.0,4.737
11,vgg16_image,makespan,21.216,8684,8676,8,0,0,0,0.0009,0.9991,0.0009,0.0,,False,196,0.0226,66.907,66.907,66.907,36.647,28.26
11,vgg16_image,steady,30.001,12008,12008,0,0,0,0,0.0,1.0,0.0,0.0,,False,38,0.0032,65.688,65.688,65.688,37.476,26.211
11,vit_base_image,makespan,21.216,1565,1565,0,0,0,0,0.0,1.0,0.0,0.0,,False,0,0.0,12.902,12.902,12.902,0.0,10.902
11,vit_base_image,steady,30.001,2108,2108,0,0,0,0,0.0,1.0,0.0,0.0,,False,0,0.0,12.81,12.81,12.81,0.0,10.81
12,llama_p1024_o128,steady,30.001,12,6,6,0,0,0,0.5,0.5,0.5,0.0,,False,6,0.5,2.0,2.0,2.0,,
12,llama_p2048_o64,makespan,21.832,6,3,3,0,0,0,0.5,0.5,0.5,0.0,,False,3,0.5,2.0,2.0,2.0,,
12,llama_p2048_o64,steady,30.001,6,6,0,0,0,0,0.0,1.0,0.0,0.0,,False,0,0.0,2.0,2.0,2.0,,
12,resnet50_image,makespan,21.832,2979,2967,12,0,0,0,0.004,0.996,0.004,0.0,,False,14,0.0047,6.78,6.78,6.78,0.0,4.78
12,resnet50_image,steady,30.001,4086,4006,80,0,0,0,0.0196,0.9804,0.0196,0.0,,False,94,0.023,6.897,6.897,6.897,0.0,4.897
12,vgg16_image,makespan,21.832,8722,1838,4140,0,2744,0,0.7893,0.2107,0.6925,0.0,,False,4147,0.6937,4.15,6.163,6.163,0.0,4.163
12,vgg16_image,steady,30.001,13827,13680,147,0,0,0,0.0106,0.9894,0.0106,0.0,,False,155,0.0112,4.178,4.178,6.184,0.0,2.178
12,vit_base_image,makespan,21.832,1587,1587,0,0,0,0,0.0,1.0,0.0,0.0,,False,0,0.0,12.802,12.802,12.802,0.0,10.802
12,vit_base_image,steady,30.001,2210,2190,20,0,0,0,0.009,0.991,0.009,0.0,,False,25,0.0113,12.918,12.918,12.918,0.0,10.918
