window,workload,slo_ms,ttft_slo_ms,tpot_slo_ms,completed,added_ms_p10,added_ms_p50,added_ms_p90,fill_ms_p50,compute_ms_p50,round_trip_ms,late_adjusted,late_unadjusted,late_fraction_adjusted,late_fraction_unadjusted
makespan,gpt2_p512_o512,,100.0,20.0,4,2.0,2.0,2.0,0.0,0.0,2.0,3,3,0.75,0.75
makespan,gpt2_p64_o64,,50.0,20.0,7,2.0,2.0,2.0,0.0,0.0,2.0,0,0,0.0,0.0
makespan,llama_p2048_o64,,250.0,35.0,7,2.0,2.0,2.0,0.0,0.0,2.0,3,3,0.4286,0.4286
makespan,resnet50_image,100.0,,,9531,6.78,7.374,8.498,0.0,5.374,2.0,51,56,0.0054,0.0059
makespan,vgg16_image,100.0,,,46672,6.163,16.899,155.517,9.431,6.65,2.0,4430,5731,0.0949,0.1228
makespan,vit_base_image,300.0,,,9626,12.802,13.057,22.654,0.0,11.057,2.0,0,0,0.0,0.0
steady,gpt2_p512_o512,,100.0,20.0,20,2.0,2.0,2.0,0.0,0.0,2.0,9,9,0.45,0.45
steady,gpt2_p64_o64,,50.0,20.0,39,2.0,2.0,2.0,0.0,0.0,2.0,8,8,0.2051,0.2051
steady,llama_p1024_o128,,180.0,35.0,46,2.0,2.0,2.0,0.0,0.0,2.0,24,24,0.5217,0.5217
steady,llama_p2048_o64,,250.0,35.0,40,2.0,2.0,2.0,0.0,0.0,2.0,8,8,0.2,0.2
steady,resnet50_image,100.0,,,41466,6.737,6.897,8.538,0.0,4.897,2.0,1194,1264,0.0288,0.0305
steady,vgg16_image,100.0,,,148170,4.71,15.132,65.688,6.402,6.701,2.0,5457,9987,0.0368,0.0674
steady,vit_base_image,300.0,,,34622,12.909,13.148,23.046,0.0,11.148,2.0,312,370,0.009,0.0107
