node,gpu_index,workload,profile,batch,phase,i,runtimeLatencyMs,ttftMs,tpotMs,mig_uuid,cpuAffinity,error
ampere,0,gpt2_p64_o64,3g,1,warmup,0,619.8603515625,21.026399612426758,9.356780499219894,MIG-3db685b2-8ae5-5373-81b1-74ea5481f2e1,"2,58",
ampere,0,gpt2_p64_o64,3g,1,sample,0,608.2914428710938,11.029088020324707,9.332224294543266,MIG-3db685b2-8ae5-5373-81b1-74ea5481f2e1,"2,58",
ampere,0,gpt2_p64_o64,3g,1,sample,1,608.9401245117188,15.894944190979004,9.266330942511559,MIG-3db685b2-8ae5-5373-81b1-74ea5481f2e1,"2,58",
ampere,0,gpt2_p64_o64,3g,1,sample,2,614.4628295898438,9.969247817993164,9.445212215185165,MIG-3db685b2-8ae5-5373-81b1-74ea5481f2e1,"2,58",
ampere,0,gpt2_p64_o64,3g,1,sample,3,611.9840087890625,18.266464233398438,9.276836633682251,MIG-3db685b2-8ae5-5373-81b1-74ea5481f2e1,"2,58",
ampere,0,gpt2_p64_o64,3g,1,sample,4,617.3308715820312,9.917471885681152,9.49083437025547,MIG-3db685b2-8ae5-5373-81b1-74ea5481f2e1,"2,58",
ampere,0,gpt2_p64_o64,3g,1,sample,5,617.994140625,9.989503860473633,9.500072449445724,MIG-3db685b2-8ae5-5373-81b1-74ea5481f2e1,"2,58",
ampere,0,gpt2_p64_o64,3g,1,sample,6,615.7883911132812,16.384511947631836,9.365685611963272,MIG-3db685b2-8ae5-5373-81b1-74ea5481f2e1,"2,58",
ampere,0,gpt2_p64_o64,3g,1,sample,7,619.0177001953125,9.904159545898438,9.517399072647095,MIG-3db685b2-8ae5-5373-81b1-74ea5481f2e1,"2,58",
ampere,0,gpt2_p64_o64,3g,1,sample,8,621.5167236328125,16.55084800720215,9.452591806650162,MIG-3db685b2-8ae5-5373-81b1-74ea5481f2e1,"2,58",
ampere,0,gpt2_p64_o64,3g,1,sample,9,610.2019653320312,16.47609519958496,9.276966720819473,MIG-3db685b2-8ae5-5373-81b1-74ea5481f2e1,"2,58",
ampere,0,gpt2_p64_o64,4g,1,warmup,0,619.4823608398438,20.239904403686523,9.363163381814957,MIG-3db685b2-8ae5-5373-81b1-74ea5481f2e1,"2,58",
ampere,0,gpt2_p64_o64,4g,1,sample,0,617.5599975585938,10.85961627960205,9.479693457484245,MIG-3db685b2-8ae5-5373-81b1-74ea5481f2e1,"2,58",
ampere,0,gpt2_p64_o64,4g,1,sample,1,622.2763671875,9.901439666748047,9.56835824251175,MIG-3db685b2-8ae5-5373-81b1-74ea5481f2e1,"2,58",
ampere,0,gpt2_p64_o64,4g,1,sample,2,616.9518432617188,9.224672317504883,9.495737046003342,MIG-3db685b2-8ae5-5373-81b1-74ea5481f2e1,"2,58",
ampere,0,gpt2_p64_o64,4g,1,sample,3,619.5355224609375,9.263392448425293,9.535502031445503,MIG-3db685b2-8ae5-5373-81b1-74ea5481f2e1,"2,58",
ampere,0,gpt2_p64_o64,4g,1,sample,4,616.2734375,9.493760108947754,9.480932459235191,MIG-3db685b2-8ae5-5373-81b1-74ea5481f2e1,"2,58",
ampere,0,gpt2_p64_o64,4g,1,sample,5,621.348388671875,9.259552001953125,9.56388807296753,MIG-3db685b2-8ae5-5373-81b1-74ea5481f2e1,"2,58",
ampere,0,gpt2_p64_o64,4g,1,sample,6,616.6129760742188,9.823424339294434,9.481086745858192,MIG-3db685b2-8ae5-5373-81b1-74ea5481f2e1,"2,58",
ampere,0,gpt2_p64_o64,4g,1,sample,7,625.9252319335938,9.330816268920898,9.634287744760513,MIG-3db685b2-8ae5-5373-81b1-74ea5481f2e1,"2,58",
ampere,0,gpt2_p64_o64,4g,1,sample,8,617.3275146484375,9.952735900878906,9.490230917930603,MIG-3db685b2-8ae5-5373-81b1-74ea5481f2e1,"2,58",
ampere,0,gpt2_p64_o64,4g,1,sample,9,623.2766723632812,10.924320220947266,9.568005502223969,MIG-3db685b2-8ae5-5373-81b1-74ea5481f2e1,"2,58",
