run_id,live_round,trace_round,phase,workload,scheduled,successes,failures,timeouts,pending
20260930T154846.076040Z,1,4,steady,resnet50_image,11515,11515,0,0,0
20260930T154846.076040Z,1,4,steady,vgg16_image,21302,21302,0,0,0
20260930T154846.076040Z,1,4,steady,vit_base_image,5824,5824,0,0,0
20260930T154846.076040Z,1,4,steady,gpt2_p64_o64,11,11,0,0,0
20260930T154846.076040Z,1,4,steady,gpt2_p512_o512,15,15,0,0,0
20260930T154846.076040Z,1,4,steady,llama_p1024_o128,54,54,0,0,0
20260930T154846.076040Z,1,4,steady,llama_p2048_o64,8,8,0,0,0
20260930T154846.076040Z,2,5,steady,resnet50_image,9173,9173,0,0,0
20260930T154846.076040Z,2,5,steady,vgg16_image,20769,20769,0,0,0
20260930T154846.076040Z,2,5,steady,vit_base_image,5426,5426,0,0,0
20260930T154846.076040Z,2,5,steady,gpt2_p64_o64,7,7,0,0,0
20260930T154846.076040Z,2,5,steady,gpt2_p512_o512,7,7,0,0,0
20260930T154846.076040Z,2,5,steady,llama_p1024_o128,26,26,0,0,0
20260930T154846.076040Z,2,5,steady,llama_p2048_o64,15,15,0,0,0
20260930T154846.076040Z,2,5,transition,resnet50_image,3903,3903,0,0,0
20260930T154846.076040Z,2,5,transition,vgg16_image,7912,7912,0,0,0
20260930T154846.076040Z,2,5,transition,vit_base_image,2195,2195,0,0,0
20260930T154846.076040Z,2,5,transition,gpt2_p64_o64,5,5,0,0,0
20260930T154846.076040Z,2,5,transition,gpt2_p512_o512,1,1,0,0,0
20260930T154846.076040Z,2,5,transition,llama_p1024_o128,7,7,0,0,0
20260930T154846.076040Z,2,5,transition,llama_p2048_o64,3,3,0,0,0
20260930T154846.076040Z,3,6,steady,resnet50_image,10234,10234,0,0,0
20260930T154846.076040Z,3,6,steady,vgg16_image,24094,24094,0,0,0
20260930T154846.076040Z,3,6,steady,vit_base_image,5763,5763,0,0,0
20260930T154846.076040Z,3,6,steady,gpt2_p64_o64,0,0,0,0,0
20260930T154846.076040Z,3,6,steady,gpt2_p512_o512,3,3,0,0,0
20260930T154846.076040Z,3,6,steady,llama_p1024_o128,28,28,0,0,0
20260930T154846.076040Z,3,6,steady,llama_p2048_o64,7,7,0,0,0
20260930T154846.076040Z,3,6,transition,resnet50_image,6926,6926,0,0,0
20260930T154846.076040Z,3,6,transition,vgg16_image,15335,15335,0,0,0
20260930T154846.076040Z,3,6,transition,vit_base_image,3955,3955,0,0,0
20260930T154846.076040Z,3,6,transition,gpt2_p64_o64,0,0,0,0,0
20260930T154846.076040Z,3,6,transition,gpt2_p512_o512,8,8,0,0,0
20260930T154846.076040Z,3,6,transition,llama_p1024_o128,26,26,0,0,0
20260930T154846.076040Z,3,6,transition,llama_p2048_o64,3,3,0,0,0
20260930T154846.076040Z,4,7,steady,resnet50_image,8091,8091,0,0,0
20260930T154846.076040Z,4,7,steady,vgg16_image,22934,22934,0,0,0
20260930T154846.076040Z,4,7,steady,vit_base_image,6036,6036,0,0,0
20260930T154846.076040Z,4,7,steady,gpt2_p64_o64,13,13,0,0,0
20260930T154846.076040Z,4,7,steady,gpt2_p512_o512,3,3,0,0,0
20260930T154846.076040Z,4,7,steady,llama_p1024_o128,0,0,0,0,0
20260930T154846.076040Z,4,7,steady,llama_p2048_o64,11,11,0,0,0
20260930T154846.076040Z,4,7,transition,resnet50_image,8374,8374,0,0,0
20260930T154846.076040Z,4,7,transition,vgg16_image,23307,23307,0,0,0
20260930T154846.076040Z,4,7,transition,vit_base_image,6164,6164,0,0,0
20260930T154846.076040Z,4,7,transition,gpt2_p64_o64,0,0,0,0,0
20260930T154846.076040Z,4,7,transition,gpt2_p512_o512,5,5,0,0,0
20260930T154846.076040Z,4,7,transition,llama_p1024_o128,0,0,0,0,0
20260930T154846.076040Z,4,7,transition,llama_p2048_o64,8,8,0,0,0
20260930T154846.076040Z,5,8,steady,resnet50_image,4498,4498,0,0,0
20260930T154846.076040Z,5,8,steady,vgg16_image,22910,22750,160,0,0
20260930T154846.076040Z,5,8,steady,vit_base_image,6019,6019,0,0,0
20260930T154846.076040Z,5,8,steady,gpt2_p64_o64,9,9,0,0,0
20260930T154846.076040Z,5,8,steady,gpt2_p512_o512,4,4,0,0,0
20260930T154846.076040Z,5,8,steady,llama_p1024_o128,0,0,0,0,0
20260930T154846.076040Z,5,8,steady,llama_p2048_o64,0,0,0,0,0
20260930T154846.076040Z,5,8,transition,resnet50_image,4571,4571,0,0,0
20260930T154846.076040Z,5,8,transition,vgg16_image,23734,23734,0,0,0
20260930T154846.076040Z,5,8,transition,vit_base_image,6398,6398,0,0,0
20260930T154846.076040Z,5,8,transition,gpt2_p64_o64,10,10,0,0,0
20260930T154846.076040Z,5,8,transition,gpt2_p512_o512,3,3,0,0,0
20260930T154846.076040Z,5,8,transition,llama_p1024_o128,0,0,0,0,0
20260930T154846.076040Z,5,8,transition,llama_p2048_o64,0,0,0,0,0
20260930T154846.076040Z,6,9,steady,resnet50_image,2971,2971,0,0,0
20260930T154846.076040Z,6,9,steady,vgg16_image,19843,19843,0,0,0
20260930T154846.076040Z,6,9,steady,vit_base_image,3156,3156,0,0,0
20260930T154846.076040Z,6,9,steady,gpt2_p64_o64,6,6,0,0,0
20260930T154846.076040Z,6,9,steady,gpt2_p512_o512,0,0,0,0,0
20260930T154846.076040Z,6,9,steady,llama_p1024_o128,0,0,0,0,0
20260930T154846.076040Z,6,9,steady,llama_p2048_o64,0,0,0,0,0
20260930T154846.076040Z,6,9,transition,resnet50_image,1339,1339,0,0,0
20260930T154846.076040Z,6,9,transition,vgg16_image,8691,8616,75,0,0
20260930T154846.076040Z,6,9,transition,vit_base_image,1380,1380,0,0,0
20260930T154846.076040Z,6,9,transition,gpt2_p64_o64,9,9,0,0,0
20260930T154846.076040Z,6,9,transition,gpt2_p512_o512,0,0,0,0,0
20260930T154846.076040Z,6,9,transition,llama_p1024_o128,0,0,0,0,0
20260930T154846.076040Z,6,9,transition,llama_p2048_o64,0,0,0,0,0
20260930T154846.076040Z,7,10,steady,resnet50_image,2512,2512,0,0,0
20260930T154846.076040Z,7,10,steady,vgg16_image,19988,19818,170,0,0
20260930T154846.076040Z,7,10,steady,vit_base_image,5258,5258,0,0,0
20260930T154846.076040Z,7,10,steady,gpt2_p64_o64,0,0,0,0,0
20260930T154846.076040Z,7,10,steady,gpt2_p512_o512,0,0,0,0,0
20260930T154846.076040Z,7,10,steady,llama_p1024_o128,0,0,0,0,0
20260930T154846.076040Z,7,10,steady,llama_p2048_o64,0,0,0,0,0
20260930T154846.076040Z,7,10,transition,resnet50_image,1078,1078,0,0,0
20260930T154846.076040Z,7,10,transition,vgg16_image,8748,8748,0,0,0
20260930T154846.076040Z,7,10,transition,vit_base_image,1328,1328,0,0,0
20260930T154846.076040Z,7,10,transition,gpt2_p64_o64,0,0,0,0,0
20260930T154846.076040Z,7,10,transition,gpt2_p512_o512,0,0,0,0,0
20260930T154846.076040Z,7,10,transition,llama_p1024_o128,0,0,0,0,0
20260930T154846.076040Z,7,10,transition,llama_p2048_o64,0,0,0,0,0
20260930T154846.076040Z,8,11,steady,resnet50_image,3443,3443,0,0,0
20260930T154846.076040Z,8,11,steady,vgg16_image,13528,13528,0,0,0
20260930T154846.076040Z,8,11,steady,vit_base_image,5305,5305,0,0,0
20260930T154846.076040Z,8,11,steady,gpt2_p64_o64,0,0,0,0,0
20260930T154846.076040Z,8,11,steady,gpt2_p512_o512,0,0,0,0,0
20260930T154846.076040Z,8,11,steady,llama_p1024_o128,0,0,0,0,0
20260930T154846.076040Z,8,11,steady,llama_p2048_o64,0,0,0,0,0
20260930T154846.076040Z,8,11,transition,resnet50_image,1035,1035,0,0,0
20260930T154846.076040Z,8,11,transition,vgg16_image,5729,5729,0,0,0
20260930T154846.076040Z,8,11,transition,vit_base_image,2155,2155,0,0,0
20260930T154846.076040Z,8,11,transition,gpt2_p64_o64,0,0,0,0,0
20260930T154846.076040Z,8,11,transition,gpt2_p512_o512,0,0,0,0,0
20260930T154846.076040Z,8,11,transition,llama_p1024_o128,0,0,0,0,0
20260930T154846.076040Z,8,11,transition,llama_p2048_o64,0,0,0,0,0
20260930T154846.076040Z,9,12,steady,resnet50_image,4688,4688,0,0,0
20260930T154846.076040Z,9,12,steady,vgg16_image,21814,21814,0,0,0
20260930T154846.076040Z,9,12,steady,vit_base_image,5633,5633,0,0,0
20260930T154846.076040Z,9,12,steady,gpt2_p64_o64,12,12,0,0,0
20260930T154846.076040Z,9,12,steady,gpt2_p512_o512,5,5,0,0,0
20260930T154846.076040Z,9,12,steady,llama_p1024_o128,0,0,0,0,0
20260930T154846.076040Z,9,12,steady,llama_p2048_o64,12,12,0,0,0
20260930T154846.076040Z,9,12,transition,resnet50_image,3369,3369,0,0,0
20260930T154846.076040Z,9,12,transition,vgg16_image,12495,12495,0,0,0
20260930T154846.076040Z,9,12,transition,vit_base_image,4889,4889,0,0,0
20260930T154846.076040Z,9,12,transition,gpt2_p64_o64,0,0,0,0,0
20260930T154846.076040Z,9,12,transition,gpt2_p512_o512,0,0,0,0,0
20260930T154846.076040Z,9,12,transition,llama_p1024_o128,0,0,0,0,0
20260930T154846.076040Z,9,12,transition,llama_p2048_o64,0,0,0,0,0
20260930T154846.076040Z,10,13,steady,resnet50_image,5503,5503,0,0,0
20260930T154846.076040Z,10,13,steady,vgg16_image,22178,22178,0,0,0
20260930T154846.076040Z,10,13,steady,vit_base_image,3657,3657,0,0,0
20260930T154846.076040Z,10,13,steady,gpt2_p64_o64,14,14,0,0,0
20260930T154846.076040Z,10,13,steady,gpt2_p512_o512,7,7,0,0,0
20260930T154846.076040Z,10,13,steady,llama_p1024_o128,0,0,0,0,0
20260930T154846.076040Z,10,13,steady,llama_p2048_o64,0,0,0,0,0
20260930T154846.076040Z,10,13,transition,resnet50_image,2442,2442,0,0,0
20260930T154846.076040Z,10,13,transition,vgg16_image,10021,10021,0,0,0
20260930T154846.076040Z,10,13,transition,vit_base_image,1692,1692,0,0,0
20260930T154846.076040Z,10,13,transition,gpt2_p64_o64,5,5,0,0,0
20260930T154846.076040Z,10,13,transition,gpt2_p512_o512,3,3,0,0,0
20260930T154846.076040Z,10,13,transition,llama_p1024_o128,0,0,0,0,0
20260930T154846.076040Z,10,13,transition,llama_p2048_o64,0,0,0,0,0
20260930T154846.076040Z,11,14,steady,resnet50_image,7599,7599,0,0,0
20260930T154846.076040Z,11,14,steady,vgg16_image,21022,21022,0,0,0
20260930T154846.076040Z,11,14,steady,vit_base_image,3803,3803,0,0,0
20260930T154846.076040Z,11,14,steady,gpt2_p64_o64,0,0,0,0,0
20260930T154846.076040Z,11,14,steady,gpt2_p512_o512,0,0,0,0,0
20260930T154846.076040Z,11,14,steady,llama_p1024_o128,0,0,0,0,0
20260930T154846.076040Z,11,14,steady,llama_p2048_o64,9,9,0,0,0
20260930T154846.076040Z,11,14,transition,resnet50_image,3614,3614,0,0,0
20260930T154846.076040Z,11,14,transition,vgg16_image,13674,13674,0,0,0
20260930T154846.076040Z,11,14,transition,vit_base_image,2482,2482,0,0,0
20260930T154846.076040Z,11,14,transition,gpt2_p64_o64,0,0,0,0,0
20260930T154846.076040Z,11,14,transition,gpt2_p512_o512,0,0,0,0,0
20260930T154846.076040Z,11,14,transition,llama_p1024_o128,0,0,0,0,0
20260930T154846.076040Z,11,14,transition,llama_p2048_o64,0,0,0,0,0
20260930T154846.076040Z,12,15,steady,resnet50_image,4137,4137,0,0,0
20260930T154846.076040Z,12,15,steady,vgg16_image,13993,13993,0,0,0
20260930T154846.076040Z,12,15,steady,vit_base_image,2235,2235,0,0,0
20260930T154846.076040Z,12,15,steady,gpt2_p64_o64,0,0,0,0,0
20260930T154846.076040Z,12,15,steady,gpt2_p512_o512,0,0,0,0,0
20260930T154846.076040Z,12,15,steady,llama_p1024_o128,12,12,0,0,0
20260930T154846.076040Z,12,15,steady,llama_p2048_o64,6,6,0,0,0
20260930T154846.076040Z,12,15,transition,resnet50_image,7805,7805,0,0,0
20260930T154846.076040Z,12,15,transition,vgg16_image,23182,23182,0,0,0
20260930T154846.076040Z,12,15,transition,vit_base_image,4231,4231,0,0,0
20260930T154846.076040Z,12,15,transition,gpt2_p64_o64,0,0,0,0,0
20260930T154846.076040Z,12,15,transition,gpt2_p512_o512,0,0,0,0,0
20260930T154846.076040Z,12,15,transition,llama_p1024_o128,0,0,0,0,0
20260930T154846.076040Z,12,15,transition,llama_p2048_o64,13,13,0,0,0
