workload,profile,batch,rtx1-worker-gpu0,ampere-gpu0,ampere-gpu1,min_3dp,min_gpu,catalog_csv_mu_median_july
gpt2_p512_o512,1g,1,0.180,0.190,0.193,0.180,rtx1-worker-gpu0,0.178364
gpt2_p512_o512,2g,1,0.188,0.202,0.203,0.188,rtx1-worker-gpu0,0.181334
gpt2_p512_o512,3g,1,0.186,0.202,0.201,0.186,rtx1-worker-gpu0,0.178651
gpt2_p512_o512,4g,1,0.184,0.200,0.196,0.184,rtx1-worker-gpu0,0.179728
gpt2_p512_o512,7g,1,0.183,0.199,0.201,0.183,rtx1-worker-gpu0,0.185928
gpt2_p64_o64,1g,1,1.456,1.554,1.569,1.456,rtx1-worker-gpu0,1.094971
gpt2_p64_o64,2g,1,1.526,1.638,1.630,1.526,rtx1-worker-gpu0,0.987707
gpt2_p64_o64,3g,1,1.535,1.642,1.637,1.535,rtx1-worker-gpu0,0.957336
gpt2_p64_o64,4g,1,1.474,1.601,1.623,1.474,rtx1-worker-gpu0,1.261143
gpt2_p64_o64,7g,1,1.495,1.619,1.625,1.495,rtx1-worker-gpu0,1.07296
llama_p1024_o128,2g,1,0.263,0.263,0.263,0.263,rtx1-worker-gpu0,0.256006
llama_p1024_o128,3g,1,0.358,0.386,0.385,0.358,rtx1-worker-gpu0,0.33294
llama_p1024_o128,4g,1,0.349,0.387,0.386,0.349,rtx1-worker-gpu0,0.341788
llama_p1024_o128,7g,1,0.366,0.398,0.404,0.366,rtx1-worker-gpu0,0.353972
llama_p2048_o64,3g,1,0.655,0.670,0.672,0.655,rtx1-worker-gpu0,0.592625
llama_p2048_o64,4g,1,0.660,0.707,0.710,0.660,rtx1-worker-gpu0,0.512013
llama_p2048_o64,7g,1,0.705,0.754,0.755,0.705,rtx1-worker-gpu0,0.655934
resnet50_image,1g,1,42.055,45.039,44.023,42.055,rtx1-worker-gpu0,24.990265
resnet50_image,1g,4,176.121,179.703,179.906,176.121,rtx1-worker-gpu0,99.73805
resnet50_image,1g,16,347.818,347.726,346.735,346.735,ampere-gpu1,322.215497
resnet50_image,1g,32,372.204,372.307,371.845,371.845,ampere-gpu1,367.246262
resnet50_image,2g,1,42.464,45.347,44.232,42.464,rtx1-worker-gpu0,25.333591
resnet50_image,2g,4,180.070,185.369,183.740,180.070,rtx1-worker-gpu0,100.95179
resnet50_image,2g,16,686.858,681.036,686.683,681.036,ampere-gpu0,389.807657
resnet50_image,2g,32,739.148,739.246,738.988,738.988,ampere-gpu1,683.263461
resnet50_image,2g,64,770.644,771.225,770.707,770.644,rtx1-worker-gpu0,759.458307
resnet50_image,3g,1,42.546,44.845,45.275,42.546,rtx1-worker-gpu0,25.525345
resnet50_image,3g,4,181.282,187.036,184.119,181.282,rtx1-worker-gpu0,100.385742
resnet50_image,3g,16,717.277,730.618,652.816,652.816,ampere-gpu1,396.590554
resnet50_image,3g,32,1291.382,1289.870,1249.023,1249.023,ampere-gpu1,790.583979
resnet50_image,3g,64,1366.917,1367.183,1363.389,1363.389,ampere-gpu1,1299.012659
resnet50_image,4g,1,42.181,45.288,45.296,42.181,rtx1-worker-gpu0,26.172429
resnet50_image,4g,4,178.987,181.074,183.905,178.987,rtx1-worker-gpu0,101.382629
resnet50_image,4g,16,710.238,717.725,740.467,710.238,rtx1-worker-gpu0,407.046628
resnet50_image,4g,32,1394.553,1435.035,1412.275,1394.553,rtx1-worker-gpu0,837.298431
resnet50_image,4g,64,1521.689,1521.483,1521.110,1521.110,ampere-gpu1,1409.262488
resnet50_image,7g,1,41.989,44.857,45.036,41.989,rtx1-worker-gpu0,25.527632
resnet50_image,7g,4,181.540,184.638,183.601,181.540,rtx1-worker-gpu0,100.489034
resnet50_image,7g,16,723.366,744.981,743.603,723.366,rtx1-worker-gpu0,411.00292
resnet50_image,7g,32,1451.121,1443.660,1491.721,1443.660,ampere-gpu0,810.043884
resnet50_image,7g,64,2700.267,2644.277,2643.444,2643.444,ampere-gpu1,1694.565602
vgg16_image,1g,1,86.572,86.653,84.945,84.945,ampere-gpu1,53.749466
vgg16_image,1g,4,178.349,178.579,178.446,178.349,rtx1-worker-gpu0,158.811039
vgg16_image,1g,16,235.938,236.246,236.031,235.938,rtx1-worker-gpu0,229.827218
vgg16_image,2g,1,100.982,103.801,105.588,100.982,rtx1-worker-gpu0,57.269444
vgg16_image,2g,4,344.055,340.501,338.047,338.047,ampere-gpu1,214.682649
vgg16_image,2g,16,467.775,468.678,468.060,467.775,rtx1-worker-gpu0,443.05856
vgg16_image,2g,32,489.092,489.742,488.839,488.839,ampere-gpu1,475.404081
vgg16_image,3g,1,113.080,116.066,114.495,113.080,rtx1-worker-gpu0,60.37734
vgg16_image,3g,4,413.483,420.235,412.767,412.767,ampere-gpu1,239.025151
vgg16_image,3g,16,751.363,752.299,750.038,750.038,ampere-gpu1,688.76132
vgg16_image,3g,32,815.747,814.974,815.355,814.974,ampere-gpu0,777.03729
vgg16_image,3g,64,826.627,825.499,826.890,825.499,ampere-gpu0,805.541008
vgg16_image,4g,1,114.171,116.397,116.429,114.171,rtx1-worker-gpu0,60.700492
vgg16_image,4g,4,427.968,451.444,448.088,427.968,rtx1-worker-gpu0,249.361097
vgg16_image,4g,16,901.551,903.782,905.083,901.551,rtx1-worker-gpu0,810.437056
vgg16_image,4g,32,958.482,959.159,957.881,957.881,ampere-gpu1,909.733888
vgg16_image,4g,64,983.693,975.008,973.635,973.635,ampere-gpu1,947.804118
vgg16_image,7g,1,115.511,117.914,118.035,115.511,rtx1-worker-gpu0,60.330263
vgg16_image,7g,4,451.450,469.585,467.702,451.450,rtx1-worker-gpu0,275.802271
vgg16_image,7g,16,1505.749,1495.810,1473.983,1473.983,ampere-gpu1,975.307135
vgg16_image,7g,32,1632.458,1611.663,1594.369,1594.369,ampere-gpu1,1465.123196
vgg16_image,7g,64,1651.163,1610.692,1593.712,1593.712,ampere-gpu1,1544.8419
vit_base_image,1g,1,49.594,49.527,49.534,49.527,ampere-gpu0,46.203678
vit_base_image,1g,4,55.761,55.756,55.730,55.730,ampere-gpu1,54.505921
vit_base_image,1g,16,63.031,63.039,63.022,63.022,ampere-gpu1,62.720206
vit_base_image,2g,1,89.392,89.550,89.241,89.241,ampere-gpu1,81.591683
vit_base_image,2g,4,107.482,107.685,107.258,107.258,ampere-gpu1,101.99957
vit_base_image,2g,16,121.134,121.274,120.829,120.829,ampere-gpu1,119.464769
vit_base_image,2g,32,126.120,126.145,125.961,125.961,ampere-gpu1,125.316636
vit_base_image,3g,1,125.693,124.342,124.144,124.144,ampere-gpu1,103.693444
vit_base_image,3g,4,155.195,155.170,154.435,154.435,ampere-gpu1,144.000743
vit_base_image,3g,16,185.029,184.958,184.422,184.422,ampere-gpu1,181.150257
vit_base_image,3g,32,190.170,190.148,189.836,189.836,ampere-gpu1,188.558303
vit_base_image,4g,1,149.518,149.437,150.273,149.437,ampere-gpu0,117.624006
vit_base_image,4g,4,204.863,204.898,204.863,204.863,ampere-gpu1,190.903635
vit_base_image,4g,16,241.995,241.925,239.498,239.498,ampere-gpu1,236.125042
vit_base_image,4g,32,249.280,246.895,245.440,245.440,ampere-gpu1,246.896616
vit_base_image,4g,64,254.084,251.633,250.907,250.907,ampere-gpu1,252.327739
vit_base_image,7g,1,189.485,187.637,185.176,185.176,ampere-gpu1,116.960037
vit_base_image,7g,4,315.314,311.277,308.717,308.717,ampere-gpu1,283.230943
vit_base_image,7g,16,369.550,358.536,353.508,353.508,ampere-gpu1,348.451929
vit_base_image,7g,32,390.482,376.032,372.464,372.464,ampere-gpu1,374.529596
vit_base_image,7g,64,406.851,391.498,387.082,387.082,ampere-gpu1,393.575168
