live_round,actions,measured_makespan_s,critical_path_estimate_s,critical_path_actions,measured_over_estimate,dag_width_observed,critical_path
1,34,22.486,22.8,6,0.986,11,allocate_gpu[-] > configure_full_template[-] > bind_target_gpu[-] > register_mig_devices[-] > place_instance[llama_p2048_o64] > activate_instance_route[llama_p2048_o64]
2,4,1.817,2.289,4,0.794,1,patch_batch_config[vgg16_image] > apply_batch[vgg16_image] > verify_batch[vgg16_image] > activate_instance_route[vgg16_image]
3,9,14.128,13.882,8,1.018,2,deactivate_instance_route[llama_p1024_o128] > wait_instance_drain[llama_p1024_o128] > delete_instance[llama_p1024_o128] > place_instance[vgg16_image] > activate_instance_route[vgg16_image] > apply_batch[vgg16_image] > verify_batch[vgg16_image] > activate_instance_route[vgg16_image]
4,26,26.911,25.312,11,1.063,4,deactivate_instance_route[llama_p1024_o128] > wait_instance_drain[llama_p1024_o128] > delete_instance[llama_p1024_o128] > place_instance[llama_p2048_o64] > activate_instance_route[llama_p2048_o64] > deactivate_instance_route[llama_p2048_o64] > wait_instance_drain[llama_p2048_o64] > delete_instance[llama_p2048_o64] > clear_gpu_binding[-] > clear_template[-] > return_gpu[-]
5,44,28.621,24.852,12,1.152,6,allocate_gpu[-] > configure_full_template[-] > bind_target_gpu[-] > register_mig_devices[-] > place_instance[gpt2_p512_o512] > activate_instance_route[gpt2_p512_o512] > deactivate_instance_route[gpt2_p512_o512] > wait_instance_drain[gpt2_p512_o512] > delete_instance[gpt2_p512_o512] > clear_gpu_binding[-] > clear_template[-] > return_gpu[-]
6,4,1.762,3.009,4,0.586,1,patch_batch_config[vit_base_image] > apply_batch[vit_base_image] > verify_batch[vit_base_image] > activate_instance_route[vit_base_image]
7,8,3.009,3.009,4,1.0,2,patch_batch_config[vit_base_image] > apply_batch[vit_base_image] > verify_batch[vit_base_image] > activate_instance_route[vit_base_image]
8,4,1.622,2.289,4,0.709,1,patch_batch_config[vgg16_image] > apply_batch[vgg16_image] > verify_batch[vgg16_image] > activate_instance_route[vgg16_image]
9,10,22.501,22.8,6,0.987,2,allocate_gpu[-] > configure_full_template[-] > bind_target_gpu[-] > register_mig_devices[-] > place_instance[llama_p2048_o64] > activate_instance_route[llama_p2048_o64]
10,14,6.75,6.159,6,1.096,3,deactivate_instance_route[llama_p2048_o64] > wait_instance_drain[llama_p2048_o64] > delete_instance[llama_p2048_o64] > clear_gpu_binding[-] > clear_template[-] > return_gpu[-]
11,6,28.717,22.8,6,1.259,1,allocate_gpu[-] > configure_full_template[-] > bind_target_gpu[-] > register_mig_devices[-] > place_instance[llama_p2048_o64] > activate_instance_route[llama_p2048_o64]
12,36,29.887,24.738,10,1.208,6,configure_partial_profile[-] > register_mig_devices[-] > place_instance[resnet50_image] > activate_instance_route[resnet50_image] > deactivate_instance_route[resnet50_image] > wait_instance_drain[resnet50_image] > delete_instance[resnet50_image] > clear_gpu_binding[-] > clear_template[-] > return_gpu[-]
