run_id,live_round,trace_round,phase,reached_target,finalValidationOk,makespan_seconds,planner_makespan_seconds,action_count,action_counts,strategy_counts,failure_count,peak_active_gpu_count,headroom,capacity_uncertain_events
20260928T201926.055372Z,1,4,R1,True,True,30.230298,0.061181578785181046,34,"{""activate_instance_route"":11,""allocate_gpu"":3,""bind_target_gpu"":3,""configure_full_template"":3,""place_instance"":11,""register_mig_devices"":3}","{""create_instance"":11,""gpu_acquire"":3,""other"":6,""reconfiguration"":3,""routing"":11}",0,3.0,0.0,0
20260928T201926.055372Z,2,5,R2,True,True,1.913736,0.06089890003204346,4,"{""activate_instance_route"":1,""apply_batch"":1,""patch_batch_config"":1,""verify_batch"":1}","{""instance_update"":3,""routing"":1}",0,3.0,0.0,0
20260928T201926.055372Z,3,6,R3,True,True,16.551243,0.07047552242875099,9,"{""activate_instance_route"":2,""apply_batch"":1,""deactivate_instance_route"":1,""delete_instance"":1,""patch_batch_config"":1,""place_instance"":1,""verify_batch"":1,""wait_instance_drain"":1}","{""create_instance"":1,""delete_instance"":1,""drain"":1,""instance_update"":3,""routing"":3}",0,3.0,0.0,1
20260928T201926.055372Z,4,7,R4,True,True,24.899726,0.06682384014129639,26,"{""activate_instance_route"":3,""apply_batch"":1,""clear_gpu_binding"":1,""clear_template"":1,""deactivate_instance_route"":5,""delete_instance"":5,""patch_batch_config"":1,""place_instance"":2,""return_gpu"":1,""verify_batch"":1,""wait_instance_drain"":5}","{""create_instance"":2,""delete_instance"":5,""drain"":5,""gpu_release"":1,""instance_update"":3,""reconfiguration"":2,""routing"":8}",0,3.0,0.0,5
20260928T201926.055372Z,5,8,R5,True,True,46.747653,0.06449759379029274,44,"{""activate_instance_route"":5,""allocate_gpu"":1,""bind_target_gpu"":1,""clear_gpu_binding"":2,""clear_template"":2,""configure_full_template"":1,""deactivate_instance_route"":8,""delete_instance"":8,""place_instance"":5,""register_mig_devices"":1,""return_gpu"":2,""wait_instance_drain"":8}","{""create_instance"":5,""delete_instance"":8,""drain"":8,""gpu_acquire"":1,""gpu_release"":2,""other"":2,""reconfiguration"":5,""routing"":13}",0,3.0,0.0,8
20260928T201926.055372Z,6,9,R6,True,True,1.717263,0.04881557077169418,4,"{""activate_instance_route"":1,""apply_batch"":1,""patch_batch_config"":1,""verify_batch"":1}","{""instance_update"":3,""routing"":1}",0,1.0,2.0,0
20260928T201926.055372Z,7,10,R7,True,True,2.145974,0.04929518327116966,8,"{""activate_instance_route"":2,""apply_batch"":2,""patch_batch_config"":2,""verify_batch"":2}","{""instance_update"":6,""routing"":2}",0,1.0,2.0,0
20260928T201926.055372Z,8,11,R8,True,True,1.583508,0.05090025067329407,4,"{""activate_instance_route"":1,""apply_batch"":1,""patch_batch_config"":1,""verify_batch"":1}","{""instance_update"":3,""routing"":1}",0,1.0,2.0,0
20260928T201926.055372Z,9,12,R9,True,True,26.839959,0.06949369981884956,10,"{""activate_instance_route"":2,""allocate_gpu"":1,""apply_batch"":1,""bind_target_gpu"":1,""configure_full_template"":1,""patch_batch_config"":1,""place_instance"":1,""register_mig_devices"":1,""verify_batch"":1}","{""create_instance"":1,""gpu_acquire"":1,""instance_update"":3,""other"":2,""reconfiguration"":1,""routing"":2}",0,2.0,1.0,0
20260928T201926.055372Z,10,13,R10,True,True,6.349318,0.05225066468119621,14,"{""activate_instance_route"":2,""apply_batch"":2,""clear_gpu_binding"":1,""clear_template"":1,""deactivate_instance_route"":1,""delete_instance"":1,""patch_batch_config"":2,""return_gpu"":1,""verify_batch"":2,""wait_instance_drain"":1}","{""delete_instance"":1,""drain"":1,""gpu_release"":1,""instance_update"":6,""reconfiguration"":2,""routing"":3}",0,2.0,1.0,1
20260928T201926.055372Z,11,14,R11,True,True,23.917533,0.05208772048354149,6,"{""activate_instance_route"":1,""allocate_gpu"":1,""bind_target_gpu"":1,""configure_full_template"":1,""place_instance"":1,""register_mig_devices"":1}","{""create_instance"":1,""gpu_acquire"":1,""other"":2,""reconfiguration"":1,""routing"":1}",0,2.0,1.0,0
20260928T201926.055372Z,12,15,R12,True,True,40.14524,0.06715702265501022,36,"{""activate_instance_route"":6,""allocate_gpu"":1,""bind_target_gpu"":1,""clear_gpu_binding"":1,""clear_template"":1,""configure_full_template"":1,""configure_partial_profile"":1,""deactivate_instance_route"":5,""delete_instance"":5,""place_instance"":6,""register_mig_devices"":2,""return_gpu"":1,""wait_instance_drain"":5}","{""create_instance"":6,""delete_instance"":5,""drain"":5,""gpu_acquire"":1,""gpu_release"":1,""other"":3,""reconfiguration"":4,""routing"":11}",0,3.0,0.0,5
