run_id,live_round,trace_round,phase,workload,D,C_pred,C_measured,D_over_C_pred,D_over_C_measured,C_pred_over_D,C_measured_over_D,C_measured_over_C_pred,sample_count,complete,unit,reason,replicas
20260928T205256.842059Z,1,4,profile_target,gpt2_p512_o512,0.3412322274881517,0.36,,0.9478672985781992,,1.055,,,0,False,logical_samples_per_runtime_inference_second,missing_complete_samples,"[{""complete_samples"":0,""discarded_incomplete_samples"":0,""mu_measured"":null,""reason"":""missing_or_incomplete_samples"",""runtime_id"":""gpt2-p512-o512-rtx1-worker-gpu0-s0-1-1g"",""sample_count"":0,""timing_seconds"":0},{""complete_samples"":0,""discarded_incomplete_samples"":0,""mu_measured"":null,""reason"":""missing_or_incomplete_samples"",""runtime_id"":""gpt2-p512-o512-rtx1-worker-gpu0-s1-2-1g"",""sample_count"":0,""timing_seconds"":0}]"
20260928T205256.842059Z,1,4,profile_target,gpt2_p64_o64,0.232258064516129,1.456,,0.1595179014533853,,6.26888888888889,,,0,False,logical_samples_per_runtime_inference_second,missing_complete_samples,"[{""complete_samples"":0,""discarded_incomplete_samples"":0,""mu_measured"":null,""reason"":""missing_or_incomplete_samples"",""runtime_id"":""gpt2-p64-o64-rtx1-worker-gpu0-s2-3-1g"",""sample_count"":0,""timing_seconds"":0}]"
20260928T205256.842059Z,1,4,profile_target,llama_p1024_o128,1.1950207468879668,1.242,,0.9621745144025498,,1.0393125,,,0,False,logical_samples_per_runtime_inference_second,missing_complete_samples,"[{""complete_samples"":0,""discarded_incomplete_samples"":0,""mu_measured"":null,""reason"":""missing_or_incomplete_samples"",""runtime_id"":""llama-p1024-o128-ampere-gpu0-s0-2-2g"",""sample_count"":0,""timing_seconds"":0},{""complete_samples"":0,""discarded_incomplete_samples"":0,""mu_measured"":null,""reason"":""missing_or_incomplete_samples"",""runtime_id"":""llama-p1024-o128-ampere-gpu0-s4-7-3g"",""sample_count"":0,""timing_seconds"":0},{""complete_samples"":0,""discarded_incomplete_samples"":0,""mu_measured"":null,""reason"":""missing_or_incomplete_samples"",""runtime_id"":""llama-p1024-o128-ampere-gpu1-s0-2-2g"",""sample_count"":0,""timing_seconds"":0},{""complete_samples"":0,""discarded_incomplete_samples"":0,""mu_measured"":null,""reason"":""missing_or_incomplete_samples"",""runtime_id"":""llama-p1024-o128-rtx1-worker-gpu0-s4-7-3g"",""sample_count"":0,""timing_seconds"":0}]"
20260928T205256.842059Z,1,4,profile_target,llama_p2048_o64,0.1795511221945137,0.655,,0.27412385067864686,,3.647986111111112,,,0,False,logical_samples_per_runtime_inference_second,missing_complete_samples,"[{""complete_samples"":0,""discarded_incomplete_samples"":0,""mu_measured"":null,""reason"":""missing_or_incomplete_samples"",""runtime_id"":""llama-p2048-o64-ampere-gpu1-s4-7-3g"",""sample_count"":0,""timing_seconds"":0}]"
20260928T205256.842059Z,1,4,profile_target,resnet50_image,242.71580725528415,347.136,,0.6991951490346265,,1.430215872322187,,,0,False,logical_samples_per_runtime_inference_second,missing_complete_samples,"[{""complete_samples"":0,""discarded_incomplete_samples"":0,""mu_measured"":null,""reason"":""missing_or_incomplete_samples"",""runtime_id"":""resnet50-image-rtx1-worker-gpu0-s3-4-1g"",""sample_count"":0,""timing_seconds"":0}]"
20260928T205256.842059Z,1,4,profile_target,vgg16_image,446.803738317757,468.144,,0.9544151763512018,,1.0477620481927712,,,0,False,logical_samples_per_runtime_inference_second,missing_complete_samples,"[{""complete_samples"":0,""discarded_incomplete_samples"":0,""mu_measured"":null,""reason"":""missing_or_incomplete_samples"",""runtime_id"":""vgg16-image-ampere-gpu1-s2-4-2g"",""sample_count"":0,""timing_seconds"":0}]"
20260928T205256.842059Z,1,4,profile_target,vit_base_image,122.60061919504642,125.967,,0.9732756928008639,,1.0274581060606063,,,0,False,logical_samples_per_runtime_inference_second,missing_complete_samples,"[{""complete_samples"":0,""discarded_incomplete_samples"":0,""mu_measured"":null,""reason"":""missing_or_incomplete_samples"",""runtime_id"":""vit-base-image-ampere-gpu0-s2-4-2g"",""sample_count"":0,""timing_seconds"":0}]"
20260928T205256.842059Z,2,5,profile_target,gpt2_p512_o512,0.1706161137440758,0.36,,0.4739336492890994,,2.1100000000000003,,,0,False,logical_samples_per_runtime_inference_second,missing_complete_samples,"[{""complete_samples"":0,""discarded_incomplete_samples"":0,""mu_measured"":null,""reason"":""missing_or_incomplete_samples"",""runtime_id"":""gpt2-p512-o512-rtx1-worker-gpu0-s0-1-1g"",""sample_count"":0,""timing_seconds"":0},{""complete_samples"":0,""discarded_incomplete_samples"":0,""mu_measured"":null,""reason"":""missing_or_incomplete_samples"",""runtime_id"":""gpt2-p512-o512-rtx1-worker-gpu0-s1-2-1g"",""sample_count"":0,""timing_seconds"":0}]"
20260928T205256.842059Z,2,5,profile_target,gpt2_p64_o64,0.232258064516129,1.456,,0.1595179014533853,,6.26888888888889,,,0,False,logical_samples_per_runtime_inference_second,missing_complete_samples,"[{""complete_samples"":0,""discarded_incomplete_samples"":0,""mu_measured"":null,""reason"":""missing_or_incomplete_samples"",""runtime_id"":""gpt2-p64-o64-rtx1-worker-gpu0-s2-3-1g"",""sample_count"":0,""timing_seconds"":0}]"
20260928T205256.842059Z,2,5,profile_target,llama_p1024_o128,0.5975103734439834,1.242,,0.4810872572012749,,2.078625,,,0,False,logical_samples_per_runtime_inference_second,missing_complete_samples,"[{""complete_samples"":0,""discarded_incomplete_samples"":0,""mu_measured"":null,""reason"":""missing_or_incomplete_samples"",""runtime_id"":""llama-p1024-o128-ampere-gpu0-s0-2-2g"",""sample_count"":0,""timing_seconds"":0},{""complete_samples"":0,""discarded_incomplete_samples"":0,""mu_measured"":null,""reason"":""missing_or_incomplete_samples"",""runtime_id"":""llama-p1024-o128-ampere-gpu0-s4-7-3g"",""sample_count"":0,""timing_seconds"":0},{""complete_samples"":0,""discarded_incomplete_samples"":0,""mu_measured"":null,""reason"":""missing_or_incomplete_samples"",""runtime_id"":""llama-p1024-o128-ampere-gpu1-s0-2-2g"",""sample_count"":0,""timing_seconds"":0},{""complete_samples"":0,""discarded_incomplete_samples"":0,""mu_measured"":null,""reason"":""missing_or_incomplete_samples"",""runtime_id"":""llama-p1024-o128-rtx1-worker-gpu0-s4-7-3g"",""sample_count"":0,""timing_seconds"":0}]"
20260928T205256.842059Z,2,5,profile_target,llama_p2048_o64,0.3591022443890275,0.655,,0.5482477013572938,,1.8239930555555552,,,0,False,logical_samples_per_runtime_inference_second,missing_complete_samples,"[{""complete_samples"":0,""discarded_incomplete_samples"":0,""mu_measured"":null,""reason"":""missing_or_incomplete_samples"",""runtime_id"":""llama-p2048-o64-ampere-gpu1-s4-7-3g"",""sample_count"":0,""timing_seconds"":0}]"
20260928T205256.842059Z,2,5,profile_target,resnet50_image,214.84735642686016,347.136,,0.618914075252524,,1.6157331687633518,,,0,False,logical_samples_per_runtime_inference_second,missing_complete_samples,"[{""complete_samples"":0,""discarded_incomplete_samples"":0,""mu_measured"":null,""reason"":""missing_or_incomplete_samples"",""runtime_id"":""resnet50-image-rtx1-worker-gpu0-s3-4-1g"",""sample_count"":0,""timing_seconds"":0}]"
20260928T205256.842059Z,2,5,profile_target,vgg16_image,478.026168224299,489.336,,0.9768873907178278,,1.023659440690691,,,0,False,logical_samples_per_runtime_inference_second,missing_complete_samples,"[{""complete_samples"":0,""discarded_incomplete_samples"":0,""mu_measured"":null,""reason"":""missing_or_incomplete_samples"",""runtime_id"":""vgg16-image-ampere-gpu1-s2-4-2g"",""sample_count"":0,""timing_seconds"":0}]"
20260928T205256.842059Z,2,5,profile_target,vit_base_image,122.60061919504642,125.967,,0.9732756928008639,,1.0274581060606063,,,0,False,logical_samples_per_runtime_inference_second,missing_complete_samples,"[{""complete_samples"":0,""discarded_incomplete_samples"":0,""mu_measured"":null,""reason"":""missing_or_incomplete_samples"",""runtime_id"":""vit-base-image-ampere-gpu0-s2-4-2g"",""sample_count"":0,""timing_seconds"":0}]"
20260928T205256.842059Z,3,6,profile_target,gpt2_p512_o512,0.1706161137440758,0.36,,0.4739336492890994,,2.1100000000000003,,,0,False,logical_samples_per_runtime_inference_second,missing_complete_samples,"[{""complete_samples"":0,""discarded_incomplete_samples"":0,""mu_measured"":null,""reason"":""missing_or_incomplete_samples"",""runtime_id"":""gpt2-p512-o512-rtx1-worker-gpu0-s0-1-1g"",""sample_count"":0,""timing_seconds"":0},{""complete_samples"":0,""discarded_incomplete_samples"":0,""mu_measured"":null,""reason"":""missing_or_incomplete_samples"",""runtime_id"":""gpt2-p512-o512-rtx1-worker-gpu0-s1-2-1g"",""sample_count"":0,""timing_seconds"":0}]"
20260928T205256.842059Z,3,6,profile_target,gpt2_p64_o64,0.0,1.456,,0.0,,,,,0,False,logical_samples_per_runtime_inference_second,missing_complete_samples,"[{""complete_samples"":0,""discarded_incomplete_samples"":0,""mu_measured"":null,""reason"":""missing_or_incomplete_samples"",""runtime_id"":""gpt2-p64-o64-rtx1-worker-gpu0-s2-3-1g"",""sample_count"":0,""timing_seconds"":0}]"
20260928T205256.842059Z,3,6,profile_target,llama_p1024_o128,0.5975103734439834,0.884,,0.6759167120407051,,1.4794722222222223,,,0,False,logical_samples_per_runtime_inference_second,missing_complete_samples,"[{""complete_samples"":0,""discarded_incomplete_samples"":0,""mu_measured"":null,""reason"":""missing_or_incomplete_samples"",""runtime_id"":""llama-p1024-o128-ampere-gpu0-s0-2-2g"",""sample_count"":0,""timing_seconds"":0},{""complete_samples"":0,""discarded_incomplete_samples"":0,""mu_measured"":null,""reason"":""missing_or_incomplete_samples"",""runtime_id"":""llama-p1024-o128-ampere-gpu1-s0-2-2g"",""sample_count"":0,""timing_seconds"":0},{""complete_samples"":0,""discarded_incomplete_samples"":0,""mu_measured"":null,""reason"":""missing_or_incomplete_samples"",""runtime_id"":""llama-p1024-o128-rtx1-worker-gpu0-s4-7-3g"",""sample_count"":0,""timing_seconds"":0}]"
20260928T205256.842059Z,3,6,profile_target,llama_p2048_o64,0.1795511221945137,0.655,,0.27412385067864686,,3.647986111111112,,,0,False,logical_samples_per_runtime_inference_second,missing_complete_samples,"[{""complete_samples"":0,""discarded_incomplete_samples"":0,""mu_measured"":null,""reason"":""missing_or_incomplete_samples"",""runtime_id"":""llama-p2048-o64-ampere-gpu1-s4-7-3g"",""sample_count"":0,""timing_seconds"":0}]"
20260928T205256.842059Z,3,6,profile_target,resnet50_image,214.69028786341497,347.136,,0.6184616054324961,,1.6169152477956825,,,0,False,logical_samples_per_runtime_inference_second,missing_complete_samples,"[{""complete_samples"":0,""discarded_incomplete_samples"":0,""mu_measured"":null,""reason"":""missing_or_incomplete_samples"",""runtime_id"":""resnet50-image-rtx1-worker-gpu0-s3-4-1g"",""sample_count"":0,""timing_seconds"":0}]"
20260928T205256.842059Z,3,6,profile_target,vgg16_image,507.4542056074765,515.448,,0.9844915599778766,,1.0157527404526168,,,0,False,logical_samples_per_runtime_inference_second,missing_complete_samples,"[{""complete_samples"":0,""discarded_incomplete_samples"":0,""mu_measured"":null,""reason"":""missing_or_incomplete_samples"",""runtime_id"":""vgg16-image-ampere-gpu0-s4-7-3g"",""sample_count"":0,""timing_seconds"":0},{""complete_samples"":0,""discarded_incomplete_samples"":0,""mu_measured"":null,""reason"":""missing_or_incomplete_samples"",""runtime_id"":""vgg16-image-ampere-gpu1-s2-4-2g"",""sample_count"":0,""timing_seconds"":0}]"
20260928T205256.842059Z,3,6,profile_target,vit_base_image,122.60061919504642,125.967,,0.9732756928008639,,1.0274581060606063,,,0,False,logical_samples_per_runtime_inference_second,missing_complete_samples,"[{""complete_samples"":0,""discarded_incomplete_samples"":0,""mu_measured"":null,""reason"":""missing_or_incomplete_samples"",""runtime_id"":""vit-base-image-ampere-gpu0-s2-4-2g"",""sample_count"":0,""timing_seconds"":0}]"
20260928T205256.842059Z,4,7,profile_target,gpt2_p512_o512,0.0853080568720379,0.36,,0.2369668246445497,,4.220000000000001,,,0,False,logical_samples_per_runtime_inference_second,missing_complete_samples,"[{""complete_samples"":0,""discarded_incomplete_samples"":0,""mu_measured"":null,""reason"":""missing_or_incomplete_samples"",""runtime_id"":""gpt2-p512-o512-rtx1-worker-gpu0-s0-1-1g"",""sample_count"":0,""timing_seconds"":0},{""complete_samples"":0,""discarded_incomplete_samples"":0,""mu_measured"":null,""reason"":""missing_or_incomplete_samples"",""runtime_id"":""gpt2-p512-o512-rtx1-worker-gpu0-s1-2-1g"",""sample_count"":0,""timing_seconds"":0}]"
20260928T205256.842059Z,4,7,profile_target,gpt2_p64_o64,0.232258064516129,1.456,,0.1595179014533853,,6.26888888888889,,,0,False,logical_samples_per_runtime_inference_second,missing_complete_samples,"[{""complete_samples"":0,""discarded_incomplete_samples"":0,""mu_measured"":null,""reason"":""missing_or_incomplete_samples"",""runtime_id"":""gpt2-p64-o64-rtx1-worker-gpu0-s2-3-1g"",""sample_count"":0,""timing_seconds"":0}]"
20260928T205256.842059Z,4,7,profile_target,llama_p1024_o128,0.0,0,0.0,,,,,,0,False,logical_samples_per_runtime_inference_second,no_target_replicas,[]
20260928T205256.842059Z,4,7,profile_target,llama_p2048_o64,0.1795511221945137,0.655,,0.27412385067864686,,3.647986111111112,,,0,False,logical_samples_per_runtime_inference_second,missing_complete_samples,"[{""complete_samples"":0,""discarded_incomplete_samples"":0,""mu_measured"":null,""reason"":""missing_or_incomplete_samples"",""runtime_id"":""llama-p2048-o64-rtx1-worker-gpu0-s4-7-3g"",""sample_count"":0,""timing_seconds"":0}]"
20260928T205256.842059Z,4,7,profile_target,resnet50_image,165.43807404023391,176.963,,0.9348738100068033,,1.0696630810448342,,,0,False,logical_samples_per_runtime_inference_second,missing_complete_samples,"[{""complete_samples"":0,""discarded_incomplete_samples"":0,""mu_measured"":null,""reason"":""missing_or_incomplete_samples"",""runtime_id"":""resnet50-image-rtx1-worker-gpu0-s3-4-1g"",""sample_count"":0,""timing_seconds"":0}]"
20260928T205256.842059Z,4,7,profile_target,vgg16_image,461.5177570093458,515.448,,0.8953720976885076,,1.116854101866252,,,0,False,logical_samples_per_runtime_inference_second,missing_complete_samples,"[{""complete_samples"":0,""discarded_incomplete_samples"":0,""mu_measured"":null,""reason"":""missing_or_incomplete_samples"",""runtime_id"":""vgg16-image-ampere-gpu0-s0-2-2g"",""sample_count"":0,""timing_seconds"":0},{""complete_samples"":0,""discarded_incomplete_samples"":0,""mu_measured"":null,""reason"":""missing_or_incomplete_samples"",""runtime_id"":""vgg16-image-ampere-gpu0-s4-7-3g"",""sample_count"":0,""timing_seconds"":0}]"
20260928T205256.842059Z,4,7,profile_target,vit_base_image,122.60061919504642,125.967,,0.9732756928008639,,1.0274581060606063,,,0,False,logical_samples_per_runtime_inference_second,missing_complete_samples,"[{""complete_samples"":0,""discarded_incomplete_samples"":0,""mu_measured"":null,""reason"":""missing_or_incomplete_samples"",""runtime_id"":""vit-base-image-ampere-gpu0-s2-4-2g"",""sample_count"":0,""timing_seconds"":0}]"
20260928T205256.842059Z,5,8,profile_target,gpt2_p512_o512,0.0853080568720379,0.18,,0.4739336492890994,,2.1100000000000003,,,0,False,logical_samples_per_runtime_inference_second,missing_complete_samples,"[{""complete_samples"":0,""discarded_incomplete_samples"":0,""mu_measured"":null,""reason"":""missing_or_incomplete_samples"",""runtime_id"":""gpt2-p512-o512-ampere-gpu1-s4-5-1g"",""sample_count"":0,""timing_seconds"":0}]"
20260928T205256.842059Z,5,8,profile_target,gpt2_p64_o64,0.232258064516129,1.456,,0.1595179014533853,,6.26888888888889,,,0,False,logical_samples_per_runtime_inference_second,missing_complete_samples,"[{""complete_samples"":0,""discarded_incomplete_samples"":0,""mu_measured"":null,""reason"":""missing_or_incomplete_samples"",""runtime_id"":""gpt2-p64-o64-ampere-gpu1-s5-6-1g"",""sample_count"":0,""timing_seconds"":0}]"
20260928T205256.842059Z,5,8,profile_target,llama_p1024_o128,0.0,0,0.0,,,,,,0,False,logical_samples_per_runtime_inference_second,no_target_replicas,[]
20260928T205256.842059Z,5,8,profile_target,llama_p2048_o64,0.0,0,0.0,,,,,,0,False,logical_samples_per_runtime_inference_second,no_target_replicas,[]
20260928T205256.842059Z,5,8,profile_target,resnet50_image,91.3690271927075,176.963,,0.5163171238773501,,1.9367941789154133,,,0,False,logical_samples_per_runtime_inference_second,missing_complete_samples,"[{""complete_samples"":0,""discarded_incomplete_samples"":0,""mu_measured"":null,""reason"":""missing_or_incomplete_samples"",""runtime_id"":""resnet50-image-ampere-gpu1-s6-7-1g"",""sample_count"":0,""timing_seconds"":0}]"
20260928T205256.842059Z,5,8,profile_target,vgg16_image,462.9532710280373,468.144,,0.9889121104361848,,1.0112122093023257,,,0,False,logical_samples_per_runtime_inference_second,missing_complete_samples,"[{""complete_samples"":0,""discarded_incomplete_samples"":0,""mu_measured"":null,""reason"":""missing_or_incomplete_samples"",""runtime_id"":""vgg16-image-ampere-gpu1-s0-2-2g"",""sample_count"":0,""timing_seconds"":0}]"
20260928T205256.842059Z,5,8,profile_target,vit_base_image,122.60061919504642,125.967,,0.9732756928008639,,1.0274581060606063,,,0,False,logical_samples_per_runtime_inference_second,missing_complete_samples,"[{""complete_samples"":0,""discarded_incomplete_samples"":0,""mu_measured"":null,""reason"":""missing_or_incomplete_samples"",""runtime_id"":""vit-base-image-ampere-gpu1-s2-4-2g"",""sample_count"":0,""timing_seconds"":0}]"
20260928T205256.842059Z,6,9,profile_target,gpt2_p512_o512,0.0,0.18,,0.0,,,,,0,False,logical_samples_per_runtime_inference_second,missing_complete_samples,"[{""complete_samples"":0,""discarded_incomplete_samples"":0,""mu_measured"":null,""reason"":""missing_or_incomplete_samples"",""runtime_id"":""gpt2-p512-o512-ampere-gpu1-s4-5-1g"",""sample_count"":0,""timing_seconds"":0}]"
20260928T205256.842059Z,6,9,profile_target,gpt2_p64_o64,0.232258064516129,1.456,,0.1595179014533853,,6.26888888888889,,,0,False,logical_samples_per_runtime_inference_second,missing_complete_samples,"[{""complete_samples"":0,""discarded_incomplete_samples"":0,""mu_measured"":null,""reason"":""missing_or_incomplete_samples"",""runtime_id"":""gpt2-p64-o64-ampere-gpu1-s5-6-1g"",""sample_count"":0,""timing_seconds"":0}]"
20260928T205256.842059Z,6,9,profile_target,llama_p1024_o128,0.0,0,0.0,,,,,,0,False,logical_samples_per_runtime_inference_second,no_target_replicas,[]
20260928T205256.842059Z,6,9,profile_target,llama_p2048_o64,0.0,0,0.0,,,,,,0,False,logical_samples_per_runtime_inference_second,no_target_replicas,[]
20260928T205256.842059Z,6,9,profile_target,resnet50_image,66.79901619663318,176.963,,0.3774744788268349,,2.649185722722056,,,0,False,logical_samples_per_runtime_inference_second,missing_complete_samples,"[{""complete_samples"":0,""discarded_incomplete_samples"":0,""mu_measured"":null,""reason"":""missing_or_incomplete_samples"",""runtime_id"":""resnet50-image-ampere-gpu1-s6-7-1g"",""sample_count"":0,""timing_seconds"":0}]"
20260928T205256.842059Z,6,9,profile_target,vgg16_image,460.7999999999999,468.144,,0.9843125192248536,,1.0159375000000002,,,0,False,logical_samples_per_runtime_inference_second,missing_complete_samples,"[{""complete_samples"":0,""discarded_incomplete_samples"":0,""mu_measured"":null,""reason"":""missing_or_incomplete_samples"",""runtime_id"":""vgg16-image-ampere-gpu1-s0-2-2g"",""sample_count"":0,""timing_seconds"":0}]"
20260928T205256.842059Z,6,9,profile_target,vit_base_image,73.56037151702786,89.405,,0.8227769310108815,,1.2153962542087542,,,0,False,logical_samples_per_runtime_inference_second,missing_complete_samples,"[{""complete_samples"":0,""discarded_incomplete_samples"":0,""mu_measured"":null,""reason"":""missing_or_incomplete_samples"",""runtime_id"":""vit-base-image-ampere-gpu1-s2-4-2g"",""sample_count"":0,""timing_seconds"":0}]"
20260928T205256.842059Z,7,10,profile_target,gpt2_p512_o512,0.0,0.18,,0.0,,,,,0,False,logical_samples_per_runtime_inference_second,missing_complete_samples,"[{""complete_samples"":0,""discarded_incomplete_samples"":0,""mu_measured"":null,""reason"":""missing_or_incomplete_samples"",""runtime_id"":""gpt2-p512-o512-ampere-gpu1-s4-5-1g"",""sample_count"":0,""timing_seconds"":0}]"
20260928T205256.842059Z,7,10,profile_target,gpt2_p64_o64,0.0,1.456,,0.0,,,,,0,False,logical_samples_per_runtime_inference_second,missing_complete_samples,"[{""complete_samples"":0,""discarded_incomplete_samples"":0,""mu_measured"":null,""reason"":""missing_or_incomplete_samples"",""runtime_id"":""gpt2-p64-o64-ampere-gpu1-s5-6-1g"",""sample_count"":0,""timing_seconds"":0}]"
20260928T205256.842059Z,7,10,profile_target,llama_p1024_o128,0.0,0,0.0,,,,,,0,False,logical_samples_per_runtime_inference_second,no_target_replicas,[]
20260928T205256.842059Z,7,10,profile_target,llama_p2048_o64,0.0,0,0.0,,,,,,0,False,logical_samples_per_runtime_inference_second,no_target_replicas,[]
20260928T205256.842059Z,7,10,profile_target,resnet50_image,57.53197095336495,176.963,,0.3251073442096085,,3.0759071359374266,,,0,False,logical_samples_per_runtime_inference_second,missing_complete_samples,"[{""complete_samples"":0,""discarded_incomplete_samples"":0,""mu_measured"":null,""reason"":""missing_or_incomplete_samples"",""runtime_id"":""resnet50-image-ampere-gpu1-s6-7-1g"",""sample_count"":0,""timing_seconds"":0}]"
20260928T205256.842059Z,7,10,profile_target,vgg16_image,469.7719626168224,489.336,,0.9600192150522798,,1.0416458174178764,,,0,False,logical_samples_per_runtime_inference_second,missing_complete_samples,"[{""complete_samples"":0,""discarded_incomplete_samples"":0,""mu_measured"":null,""reason"":""missing_or_incomplete_samples"",""runtime_id"":""vgg16-image-ampere-gpu1-s0-2-2g"",""sample_count"":0,""timing_seconds"":0}]"
20260928T205256.842059Z,7,10,profile_target,vit_base_image,122.60061919504642,125.967,,0.9732756928008639,,1.0274581060606063,,,0,False,logical_samples_per_runtime_inference_second,missing_complete_samples,"[{""complete_samples"":0,""discarded_incomplete_samples"":0,""mu_measured"":null,""reason"":""missing_or_incomplete_samples"",""runtime_id"":""vit-base-image-ampere-gpu1-s2-4-2g"",""sample_count"":0,""timing_seconds"":0}]"
20260928T205256.842059Z,8,11,profile_target,gpt2_p512_o512,0.0,0.18,,0.0,,,,,0,False,logical_samples_per_runtime_inference_second,missing_complete_samples,"[{""complete_samples"":0,""discarded_incomplete_samples"":0,""mu_measured"":null,""reason"":""missing_or_incomplete_samples"",""runtime_id"":""gpt2-p512-o512-ampere-gpu1-s4-5-1g"",""sample_count"":0,""timing_seconds"":0}]"
20260928T205256.842059Z,8,11,profile_target,gpt2_p64_o64,0.0,1.456,,0.0,,,,,0,False,logical_samples_per_runtime_inference_second,missing_complete_samples,"[{""complete_samples"":0,""discarded_incomplete_samples"":0,""mu_measured"":null,""reason"":""missing_or_incomplete_samples"",""runtime_id"":""gpt2-p64-o64-ampere-gpu1-s5-6-1g"",""sample_count"":0,""timing_seconds"":0}]"
20260928T205256.842059Z,8,11,profile_target,llama_p1024_o128,0.0,0,0.0,,,,,,0,False,logical_samples_per_runtime_inference_second,no_target_replicas,[]
20260928T205256.842059Z,8,11,profile_target,llama_p2048_o64,0.0,0,0.0,,,,,,0,False,logical_samples_per_runtime_inference_second,no_target_replicas,[]
20260928T205256.842059Z,8,11,profile_target,resnet50_image,82.23661214667806,176.963,,0.464710770876839,,2.151876097283373,,,0,False,logical_samples_per_runtime_inference_second,missing_complete_samples,"[{""complete_samples"":0,""discarded_incomplete_samples"":0,""mu_measured"":null,""reason"":""missing_or_incomplete_samples"",""runtime_id"":""resnet50-image-ampere-gpu1-s6-7-1g"",""sample_count"":0,""timing_seconds"":0}]"
20260928T205256.842059Z,8,11,profile_target,vgg16_image,317.607476635514,344.972,,0.9206761030910161,,1.0861583097928438,,,0,False,logical_samples_per_runtime_inference_second,missing_complete_samples,"[{""complete_samples"":0,""discarded_incomplete_samples"":0,""mu_measured"":null,""reason"":""missing_or_incomplete_samples"",""runtime_id"":""vgg16-image-ampere-gpu1-s0-2-2g"",""sample_count"":0,""timing_seconds"":0}]"
20260928T205256.842059Z,8,11,profile_target,vit_base_image,122.60061919504642,125.967,,0.9732756928008639,,1.0274581060606063,,,0,False,logical_samples_per_runtime_inference_second,missing_complete_samples,"[{""complete_samples"":0,""discarded_incomplete_samples"":0,""mu_measured"":null,""reason"":""missing_or_incomplete_samples"",""runtime_id"":""vit-base-image-ampere-gpu1-s2-4-2g"",""sample_count"":0,""timing_seconds"":0}]"
20260928T205256.842059Z,9,12,profile_target,gpt2_p512_o512,0.0853080568720379,0.18,,0.4739336492890994,,2.1100000000000003,,,0,False,logical_samples_per_runtime_inference_second,missing_complete_samples,"[{""complete_samples"":0,""discarded_incomplete_samples"":0,""mu_measured"":null,""reason"":""missing_or_incomplete_samples"",""runtime_id"":""gpt2-p512-o512-ampere-gpu1-s4-5-1g"",""sample_count"":0,""timing_seconds"":0}]"
20260928T205256.842059Z,9,12,profile_target,gpt2_p64_o64,0.232258064516129,1.456,,0.1595179014533853,,6.26888888888889,,,0,False,logical_samples_per_runtime_inference_second,missing_complete_samples,"[{""complete_samples"":0,""discarded_incomplete_samples"":0,""mu_measured"":null,""reason"":""missing_or_incomplete_samples"",""runtime_id"":""gpt2-p64-o64-ampere-gpu1-s5-6-1g"",""sample_count"":0,""timing_seconds"":0}]"
20260928T205256.842059Z,9,12,profile_target,llama_p1024_o128,0.0,0,0.0,,,,,,0,False,logical_samples_per_runtime_inference_second,no_target_replicas,[]
20260928T205256.842059Z,9,12,profile_target,llama_p2048_o64,0.1795511221945137,0.655,,0.27412385067864686,,3.647986111111112,,,0,False,logical_samples_per_runtime_inference_second,missing_complete_samples,"[{""complete_samples"":0,""discarded_incomplete_samples"":0,""mu_measured"":null,""reason"":""missing_or_incomplete_samples"",""runtime_id"":""llama-p2048-o64-ampere-gpu0-s4-7-3g"",""sample_count"":0,""timing_seconds"":0}]"
20260928T205256.842059Z,9,12,profile_target,resnet50_image,100.61363406976928,176.963,,0.5685574615584573,,1.7588371758571726,,,0,False,logical_samples_per_runtime_inference_second,missing_complete_samples,"[{""complete_samples"":0,""discarded_incomplete_samples"":0,""mu_measured"":null,""reason"":""missing_or_incomplete_samples"",""runtime_id"":""resnet50-image-ampere-gpu1-s6-7-1g"",""sample_count"":0,""timing_seconds"":0}]"
20260928T205256.842059Z,9,12,profile_target,vgg16_image,474.79626168224297,489.336,,0.9702868002400047,,1.0306231103552532,,,0,False,logical_samples_per_runtime_inference_second,missing_complete_samples,"[{""complete_samples"":0,""discarded_incomplete_samples"":0,""mu_measured"":null,""reason"":""missing_or_incomplete_samples"",""runtime_id"":""vgg16-image-ampere-gpu1-s0-2-2g"",""sample_count"":0,""timing_seconds"":0}]"
20260928T205256.842059Z,9,12,profile_target,vit_base_image,122.60061919504642,125.967,,0.9732756928008639,,1.0274581060606063,,,0,False,logical_samples_per_runtime_inference_second,missing_complete_samples,"[{""complete_samples"":0,""discarded_incomplete_samples"":0,""mu_measured"":null,""reason"":""missing_or_incomplete_samples"",""runtime_id"":""vit-base-image-ampere-gpu1-s2-4-2g"",""sample_count"":0,""timing_seconds"":0}]"
20260928T205256.842059Z,10,13,profile_target,gpt2_p512_o512,0.0853080568720379,0.18,,0.4739336492890994,,2.1100000000000003,,,0,False,logical_samples_per_runtime_inference_second,missing_complete_samples,"[{""complete_samples"":0,""discarded_incomplete_samples"":0,""mu_measured"":null,""reason"":""missing_or_incomplete_samples"",""runtime_id"":""gpt2-p512-o512-ampere-gpu1-s4-5-1g"",""sample_count"":0,""timing_seconds"":0}]"
20260928T205256.842059Z,10,13,profile_target,gpt2_p64_o64,0.232258064516129,1.456,,0.1595179014533853,,6.26888888888889,,,0,False,logical_samples_per_runtime_inference_second,missing_complete_samples,"[{""complete_samples"":0,""discarded_incomplete_samples"":0,""mu_measured"":null,""reason"":""missing_or_incomplete_samples"",""runtime_id"":""gpt2-p64-o64-ampere-gpu1-s5-6-1g"",""sample_count"":0,""timing_seconds"":0}]"
20260928T205256.842059Z,10,13,profile_target,llama_p1024_o128,0.0,0,0.0,,,,,,0,False,logical_samples_per_runtime_inference_second,no_target_replicas,[]
20260928T205256.842059Z,10,13,profile_target,llama_p2048_o64,0.0,0,0.0,,,,,,0,False,logical_samples_per_runtime_inference_second,no_target_replicas,[]
20260928T205256.842059Z,10,13,profile_target,resnet50_image,109.74604911579873,176.963,,0.6201638145589684,,1.612477181873556,,,0,False,logical_samples_per_runtime_inference_second,missing_complete_samples,"[{""complete_samples"":0,""discarded_incomplete_samples"":0,""mu_measured"":null,""reason"":""missing_or_incomplete_samples"",""runtime_id"":""resnet50-image-ampere-gpu1-s6-7-1g"",""sample_count"":0,""timing_seconds"":0}]"
20260928T205256.842059Z,10,13,profile_target,vgg16_image,444.6504672897196,468.144,,0.9498155851398706,,1.052835956416465,,,0,False,logical_samples_per_runtime_inference_second,missing_complete_samples,"[{""complete_samples"":0,""discarded_incomplete_samples"":0,""mu_measured"":null,""reason"":""missing_or_incomplete_samples"",""runtime_id"":""vgg16-image-ampere-gpu1-s0-2-2g"",""sample_count"":0,""timing_seconds"":0}]"
20260928T205256.842059Z,10,13,profile_target,vit_base_image,73.56037151702786,89.405,,0.8227769310108815,,1.2153962542087542,,,0,False,logical_samples_per_runtime_inference_second,missing_complete_samples,"[{""complete_samples"":0,""discarded_incomplete_samples"":0,""mu_measured"":null,""reason"":""missing_or_incomplete_samples"",""runtime_id"":""vit-base-image-ampere-gpu1-s2-4-2g"",""sample_count"":0,""timing_seconds"":0}]"
20260928T205256.842059Z,11,14,profile_target,gpt2_p512_o512,0.0,0.18,,0.0,,,,,0,False,logical_samples_per_runtime_inference_second,missing_complete_samples,"[{""complete_samples"":0,""discarded_incomplete_samples"":0,""mu_measured"":null,""reason"":""missing_or_incomplete_samples"",""runtime_id"":""gpt2-p512-o512-ampere-gpu1-s4-5-1g"",""sample_count"":0,""timing_seconds"":0}]"
20260928T205256.842059Z,11,14,profile_target,gpt2_p64_o64,0.0,1.456,,0.0,,,,,0,False,logical_samples_per_runtime_inference_second,missing_complete_samples,"[{""complete_samples"":0,""discarded_incomplete_samples"":0,""mu_measured"":null,""reason"":""missing_or_incomplete_samples"",""runtime_id"":""gpt2-p64-o64-ampere-gpu1-s5-6-1g"",""sample_count"":0,""timing_seconds"":0}]"
20260928T205256.842059Z,11,14,profile_target,llama_p1024_o128,0.0,0,0.0,,,,,,0,False,logical_samples_per_runtime_inference_second,no_target_replicas,[]
20260928T205256.842059Z,11,14,profile_target,llama_p2048_o64,0.1795511221945137,0.655,,0.27412385067864686,,3.647986111111112,,,0,False,logical_samples_per_runtime_inference_second,missing_complete_samples,"[{""complete_samples"":0,""discarded_incomplete_samples"":0,""mu_measured"":null,""reason"":""missing_or_incomplete_samples"",""runtime_id"":""llama-p2048-o64-ampere-gpu0-s4-7-3g"",""sample_count"":0,""timing_seconds"":0}]"
20260928T205256.842059Z,11,14,profile_target,resnet50_image,147.12836721576207,176.963,,0.8314075101335424,,1.2027796090504137,,,0,False,logical_samples_per_runtime_inference_second,missing_complete_samples,"[{""complete_samples"":0,""discarded_incomplete_samples"":0,""mu_measured"":null,""reason"":""missing_or_incomplete_samples"",""runtime_id"":""resnet50-image-ampere-gpu1-s6-7-1g"",""sample_count"":0,""timing_seconds"":0}]"
20260928T205256.842059Z,11,14,profile_target,vgg16_image,400.5084112149533,468.144,,0.8555239653075833,,1.168874327956989,,,0,False,logical_samples_per_runtime_inference_second,missing_complete_samples,"[{""complete_samples"":0,""discarded_incomplete_samples"":0,""mu_measured"":null,""reason"":""missing_or_incomplete_samples"",""runtime_id"":""vgg16-image-ampere-gpu1-s0-2-2g"",""sample_count"":0,""timing_seconds"":0}]"
20260928T205256.842059Z,11,14,profile_target,vit_base_image,73.56037151702786,89.405,,0.8227769310108815,,1.2153962542087542,,,0,False,logical_samples_per_runtime_inference_second,missing_complete_samples,"[{""complete_samples"":0,""discarded_incomplete_samples"":0,""mu_measured"":null,""reason"":""missing_or_incomplete_samples"",""runtime_id"":""vit-base-image-ampere-gpu1-s2-4-2g"",""sample_count"":0,""timing_seconds"":0}]"
20260928T205256.842059Z,12,15,profile_target,gpt2_p512_o512,0.0,0.18,,0.0,,,,,0,False,logical_samples_per_runtime_inference_second,missing_complete_samples,"[{""complete_samples"":0,""discarded_incomplete_samples"":0,""mu_measured"":null,""reason"":""missing_or_incomplete_samples"",""runtime_id"":""gpt2-p512-o512-ampere-gpu0-s0-1-1g"",""sample_count"":0,""timing_seconds"":0}]"
20260928T205256.842059Z,12,15,profile_target,gpt2_p64_o64,0.0,0,0.0,,,,,,0,False,logical_samples_per_runtime_inference_second,no_target_replicas,[]
20260928T205256.842059Z,12,15,profile_target,llama_p1024_o128,0.5975103734439834,0.621,,0.9621745144025498,,1.0393125,,,0,False,logical_samples_per_runtime_inference_second,missing_complete_samples,"[{""complete_samples"":0,""discarded_incomplete_samples"":0,""mu_measured"":null,""reason"":""missing_or_incomplete_samples"",""runtime_id"":""llama-p1024-o128-ampere-gpu0-s2-4-2g"",""sample_count"":0,""timing_seconds"":0},{""complete_samples"":0,""discarded_incomplete_samples"":0,""mu_measured"":null,""reason"":""missing_or_incomplete_samples"",""runtime_id"":""llama-p1024-o128-rtx1-worker-gpu0-s4-7-3g"",""sample_count"":0,""timing_seconds"":0}]"
20260928T205256.842059Z,12,15,profile_target,llama_p2048_o64,0.1795511221945137,0.655,,0.27412385067864686,,3.647986111111112,,,0,False,logical_samples_per_runtime_inference_second,missing_complete_samples,"[{""complete_samples"":0,""discarded_incomplete_samples"":0,""mu_measured"":null,""reason"":""missing_or_incomplete_samples"",""runtime_id"":""llama-p2048-o64-ampere-gpu0-s4-7-3g"",""sample_count"":0,""timing_seconds"":0}]"
20260928T205256.842059Z,12,15,profile_target,resnet50_image,133.64290912567927,176.963,,0.7552025515259081,,1.3241480685936133,,,0,False,logical_samples_per_runtime_inference_second,missing_complete_samples,"[{""complete_samples"":0,""discarded_incomplete_samples"":0,""mu_measured"":null,""reason"":""missing_or_incomplete_samples"",""runtime_id"":""resnet50-image-ampere-gpu0-s1-2-1g"",""sample_count"":0,""timing_seconds"":0}]"
20260928T205256.842059Z,12,15,profile_target,vgg16_image,460.08224299065415,468.144,,0.9827793221544101,,1.0175224258970361,,,0,False,logical_samples_per_runtime_inference_second,missing_complete_samples,"[{""complete_samples"":0,""discarded_incomplete_samples"":0,""mu_measured"":null,""reason"":""missing_or_incomplete_samples"",""runtime_id"":""vgg16-image-rtx1-worker-gpu0-s0-2-2g"",""sample_count"":0,""timing_seconds"":0}]"
20260928T205256.842059Z,12,15,profile_target,vit_base_image,73.56037151702786,89.405,,0.8227769310108815,,1.2153962542087542,,,0,False,logical_samples_per_runtime_inference_second,missing_complete_samples,"[{""complete_samples"":0,""discarded_incomplete_samples"":0,""mu_measured"":null,""reason"":""missing_or_incomplete_samples"",""runtime_id"":""vit-base-image-rtx1-worker-gpu0-s2-4-2g"",""sample_count"":0,""timing_seconds"":0}]"
