run_id,live_round,trace_round,stage3_variant,transition_switch_offset,transition_switch_utc,executor_started_at,executor_finished_at,steady_switch_offset,steady_switch_utc,completion_detect_lag_seconds,dwell_seconds,dwell_end_offset,commitment_json,target_json
20260928T205256.842059Z,1,4,slicewise,5.207881856709719,2026-09-28T20:54:06.933881+00:00,2026-09-28T20:54:12.465236757Z,2026-09-28T20:54:39.298730833Z,37.91260966286063,2026-09-28T20:54:39.638610+00:00,0.33987998962402344,30.0,67.91285386681557,"{""gpt2_p512_o512"": 0.0, ""gpt2_p64_o64"": 0.0, ""llama_p1024_o128"": 0.0, ""llama_p2048_o64"": 0.0, ""resnet50_image"": 0.0, ""vgg16_image"": 0.0, ""vit_base_image"": 0.0}","{""gpt2_p512_o512"": 0.3412322274881517, ""gpt2_p64_o64"": 0.232258064516129, ""llama_p1024_o128"": 1.1950207468879668, ""llama_p2048_o64"": 0.1795511221945137, ""resnet50_image"": 242.71580725528415, ""vgg16_image"": 446.803738317757, ""vit_base_image"": 122.60061919504642}"
20260928T205256.842059Z,2,5,slicewise,73.05997253209352,2026-09-28T20:55:14.785971+00:00,2026-09-28T20:55:21.746311195Z,2026-09-28T20:55:25.769760321Z,84.35658457502723,2026-09-28T20:55:26.082582+00:00,0.3128225803375244,30.0,114.3586684204638,"{""gpt2_p512_o512"": 0.1706161137440758, ""gpt2_p64_o64"": 0.232258064516129, ""llama_p1024_o128"": 0.5975103734439834, ""llama_p2048_o64"": 0.1795511221945137, ""resnet50_image"": 214.84735642686016, ""vgg16_image"": 446.803738317757, ""vit_base_image"": 122.60061919504642}","{""gpt2_p512_o512"": 0.1706161137440758, ""gpt2_p64_o64"": 0.232258064516129, ""llama_p1024_o128"": 0.5975103734439834, ""llama_p2048_o64"": 0.3591022443890275, ""resnet50_image"": 214.84735642686016, ""vgg16_image"": 478.026168224299, ""vit_base_image"": 122.60061919504642}"
20260928T205256.842059Z,3,6,slicewise,119.4177781008184,2026-09-28T20:56:01.143776+00:00,2026-09-28T20:56:08.357515547Z,2026-09-28T20:56:23.81593222Z,142.27789869904518,2026-09-28T20:56:24.003897+00:00,0.18796467781066895,30.0,172.27821265161037,"{""gpt2_p512_o512"": 0.1706161137440758, ""gpt2_p64_o64"": 0.0, ""llama_p1024_o128"": 0.5975103734439834, ""llama_p2048_o64"": 0.1795511221945137, ""resnet50_image"": 214.69028786341497, ""vgg16_image"": 478.026168224299, ""vit_base_image"": 122.60061919504642}","{""gpt2_p512_o512"": 0.1706161137440758, ""gpt2_p64_o64"": 0.0, ""llama_p1024_o128"": 0.5975103734439834, ""llama_p2048_o64"": 0.1795511221945137, ""resnet50_image"": 214.69028786341497, ""vgg16_image"": 507.4542056074765, ""vit_base_image"": 122.60061919504642}"
20260928T205256.842059Z,4,7,slicewise,177.6315730959177,2026-09-28T20:56:59.357571+00:00,2026-09-28T20:57:06.183253517Z,2026-09-28T20:57:30.5672326Z,209.02452213689685,2026-09-28T20:57:30.750520+00:00,0.1832883358001709,30.0,239.0246358886361,"{""gpt2_p512_o512"": 0.0853080568720379, ""gpt2_p64_o64"": 0.0, ""llama_p1024_o128"": 0.0, ""llama_p2048_o64"": 0.1795511221945137, ""resnet50_image"": 165.43807404023391, ""vgg16_image"": 461.5177570093458, ""vit_base_image"": 122.60061919504642}","{""gpt2_p512_o512"": 0.0853080568720379, ""gpt2_p64_o64"": 0.232258064516129, ""llama_p1024_o128"": 0.0, ""llama_p2048_o64"": 0.1795511221945137, ""resnet50_image"": 165.43807404023391, ""vgg16_image"": 461.5177570093458, ""vit_base_image"": 122.60061919504642}"
20260928T205256.842059Z,5,8,slicewise,246.97539235651493,2026-09-28T20:58:08.701390+00:00,2026-09-28T20:58:15.686351413Z,2026-09-28T20:58:49.410957837Z,287.8808519169688,2026-09-28T20:58:49.606850+00:00,0.1958930492401123,30.0,317.8835479468107,"{""gpt2_p512_o512"": 0.0853080568720379, ""gpt2_p64_o64"": 0.232258064516129, ""llama_p1024_o128"": 0.0, ""llama_p2048_o64"": 0.0, ""resnet50_image"": 91.3690271927075, ""vgg16_image"": 461.5177570093458, ""vit_base_image"": 122.60061919504642}","{""gpt2_p512_o512"": 0.0853080568720379, ""gpt2_p64_o64"": 0.232258064516129, ""llama_p1024_o128"": 0.0, ""llama_p2048_o64"": 0.0, ""resnet50_image"": 91.3690271927075, ""vgg16_image"": 462.9532710280373, ""vit_base_image"": 122.60061919504642}"
20260928T205256.842059Z,6,9,slicewise,323.2981048375368,2026-09-28T20:59:25.024102+00:00,2026-09-28T20:59:31.758926351Z,2026-09-28T20:59:33.617611644Z,332.2056760750711,2026-09-28T20:59:33.931674+00:00,0.31406354904174805,30.0,362.2057996354997,"{""gpt2_p512_o512"": 0.0, ""gpt2_p64_o64"": 0.232258064516129, ""llama_p1024_o128"": 0.0, ""llama_p2048_o64"": 0.0, ""resnet50_image"": 66.79901619663318, ""vgg16_image"": 460.7999999999999, ""vit_base_image"": 73.56037151702786}","{""gpt2_p512_o512"": 0.0, ""gpt2_p64_o64"": 0.232258064516129, ""llama_p1024_o128"": 0.0, ""llama_p2048_o64"": 0.0, ""resnet50_image"": 66.79901619663318, ""vgg16_image"": 460.7999999999999, ""vit_base_image"": 73.56037151702786}"
20260928T205256.842059Z,7,10,slicewise,367.3970186151564,2026-09-28T21:00:09.123016+00:00,2026-09-28T21:00:15.831085868Z,2026-09-28T21:00:18.93946376Z,377.5805214010179,2026-09-28T21:00:19.306520+00:00,0.36705684661865234,30.0,407.58064076676965,"{""gpt2_p512_o512"": 0.0, ""gpt2_p64_o64"": 0.0, ""llama_p1024_o128"": 0.0, ""llama_p2048_o64"": 0.0, ""resnet50_image"": 57.53197095336495, ""vgg16_image"": 460.7999999999999, ""vit_base_image"": 73.56037151702786}","{""gpt2_p512_o512"": 0.0, ""gpt2_p64_o64"": 0.0, ""llama_p1024_o128"": 0.0, ""llama_p2048_o64"": 0.0, ""resnet50_image"": 57.53197095336495, ""vgg16_image"": 469.7719626168224, ""vit_base_image"": 122.60061919504642}"
20260928T205256.842059Z,8,11,slicewise,412.8190576508641,2026-09-28T21:00:54.545055+00:00,2026-09-28T21:01:01.735567538Z,2026-09-28T21:01:03.599924322Z,422.0886213257909,2026-09-28T21:01:03.814619+00:00,0.21469521522521973,30.0,452.08869464322925,"{""gpt2_p512_o512"": 0.0, ""gpt2_p64_o64"": 0.0, ""llama_p1024_o128"": 0.0, ""llama_p2048_o64"": 0.0, ""resnet50_image"": 57.53197095336495, ""vgg16_image"": 317.607476635514, ""vit_base_image"": 122.60061919504642}","{""gpt2_p512_o512"": 0.0, ""gpt2_p64_o64"": 0.0, ""llama_p1024_o128"": 0.0, ""llama_p2048_o64"": 0.0, ""resnet50_image"": 82.23661214667806, ""vgg16_image"": 317.607476635514, ""vit_base_image"": 122.60061919504642}"
20260928T205256.842059Z,9,12,slicewise,457.30178824067116,2026-09-28T21:01:39.027786+00:00,2026-09-28T21:01:45.678014893Z,2026-09-28T21:02:08.805600827Z,487.27222384884953,2026-09-28T21:02:08.998222+00:00,0.19262218475341797,30.0,517.2723309993744,"{""gpt2_p512_o512"": 0.0, ""gpt2_p64_o64"": 0.0, ""llama_p1024_o128"": 0.0, ""llama_p2048_o64"": 0.0, ""resnet50_image"": 82.23661214667806, ""vgg16_image"": 317.607476635514, ""vit_base_image"": 122.60061919504642}","{""gpt2_p512_o512"": 0.0853080568720379, ""gpt2_p64_o64"": 0.232258064516129, ""llama_p1024_o128"": 0.0, ""llama_p2048_o64"": 0.1795511221945137, ""resnet50_image"": 100.61363406976928, ""vgg16_image"": 474.79626168224297, ""vit_base_image"": 122.60061919504642}"
20260928T205256.842059Z,10,13,slicewise,522.5953582823277,2026-09-28T21:02:44.321356+00:00,2026-09-28T21:02:51.121016356Z,2026-09-28T21:02:59.262969781Z,537.6364036053419,2026-09-28T21:02:59.362401+00:00,0.09943246841430664,30.0,567.6365158967674,"{""gpt2_p512_o512"": 0.0853080568720379, ""gpt2_p64_o64"": 0.232258064516129, ""llama_p1024_o128"": 0.0, ""llama_p2048_o64"": 0.0, ""resnet50_image"": 100.61363406976928, ""vgg16_image"": 444.6504672897196, ""vit_base_image"": 73.56037151702786}","{""gpt2_p512_o512"": 0.0853080568720379, ""gpt2_p64_o64"": 0.232258064516129, ""llama_p1024_o128"": 0.0, ""llama_p2048_o64"": 0.0, ""resnet50_image"": 109.74604911579873, ""vgg16_image"": 444.6504672897196, ""vit_base_image"": 73.56037151702786}"
20260928T205256.842059Z,11,14,slicewise,573.1265733987093,2026-09-28T21:03:34.852571+00:00,2026-09-28T21:03:41.897998611Z,2026-09-28T21:04:10.031696032Z,608.5188748016953,2026-09-28T21:04:10.244873+00:00,0.21317720413208008,30.0,638.5189737565815,"{""gpt2_p512_o512"": 0.0, ""gpt2_p64_o64"": 0.0, ""llama_p1024_o128"": 0.0, ""llama_p2048_o64"": 0.0, ""resnet50_image"": 109.74604911579873, ""vgg16_image"": 400.5084112149533, ""vit_base_image"": 73.56037151702786}","{""gpt2_p512_o512"": 0.0, ""gpt2_p64_o64"": 0.0, ""llama_p1024_o128"": 0.0, ""llama_p2048_o64"": 0.1795511221945137, ""resnet50_image"": 147.12836721576207, ""vgg16_image"": 400.5084112149533, ""vit_base_image"": 73.56037151702786}"
20260928T205256.842059Z,12,15,slicewise,644.1455433294177,2026-09-28T21:04:45.871541+00:00,2026-09-28T21:04:52.835388874Z,2026-09-28T21:05:23.143973795Z,681.8162254355848,2026-09-28T21:05:23.542225+00:00,0.3982522487640381,30.0,711.8163268826902,"{""gpt2_p512_o512"": 0.0, ""gpt2_p64_o64"": 0.0, ""llama_p1024_o128"": 0.0, ""llama_p2048_o64"": 0.1795511221945137, ""resnet50_image"": 133.64290912567927, ""vgg16_image"": 400.5084112149533, ""vit_base_image"": 73.56037151702786}","{""gpt2_p512_o512"": 0.0, ""gpt2_p64_o64"": 0.0, ""llama_p1024_o128"": 0.5975103734439834, ""llama_p2048_o64"": 0.1795511221945137, ""resnet50_image"": 133.64290912567927, ""vgg16_image"": 460.08224299065415, ""vit_base_image"": 73.56037151702786}"
