gpu,workload,profile,batch,samples,compute_mu,wall_mu,wall_over_compute,infer_queue_ms_median,windows,window_min,window_max,window_min_over_median
ampere-gpu0,gpt2_p512_o512,1g,1,20,0.184,0.184,0.9992,2.455,19,0.183,0.184,0.997
ampere-gpu0,gpt2_p512_o512,2g,1,20,0.198,0.198,0.9994,2.472,19,0.196,0.198,0.9925
ampere-gpu0,gpt2_p512_o512,3g,1,20,0.196,0.196,0.9992,2.489,19,0.195,0.197,0.9951
ampere-gpu0,gpt2_p512_o512,4g,1,20,0.193,0.193,0.999,2.433,19,0.192,0.194,0.9959
ampere-gpu0,gpt2_p512_o512,7g,1,20,0.194,0.194,0.9991,2.431,19,0.193,0.194,0.9946
ampere-gpu0,gpt2_p64_o64,1g,1,20,1.517,1.508,0.9944,0.918,19,1.501,1.514,0.9952
ampere-gpu0,gpt2_p64_o64,2g,1,20,1.574,1.565,0.9943,0.936,19,1.538,1.571,0.9831
ampere-gpu0,gpt2_p64_o64,3g,1,20,1.582,1.572,0.9941,0.941,19,1.551,1.577,0.9863
ampere-gpu0,gpt2_p64_o64,4g,1,20,1.555,1.547,0.9949,0.903,19,1.531,1.551,0.9892
ampere-gpu0,gpt2_p64_o64,7g,1,20,1.575,1.567,0.9947,0.873,19,1.557,1.57,0.9941
ampere-gpu0,llama_p1024_o128,2g,1,20,0.263,0.263,0.9984,3.184,19,0.262,0.263,0.998
ampere-gpu0,llama_p1024_o128,3g,1,20,0.371,0.37,0.9979,3.142,19,0.37,0.371,0.9979
ampere-gpu0,llama_p1024_o128,4g,1,20,0.371,0.37,0.9978,3.199,19,0.368,0.372,0.9948
ampere-gpu0,llama_p1024_o128,7g,1,20,0.392,0.391,0.9982,3.113,19,0.39,0.392,0.9972
ampere-gpu0,llama_p2048_o64,2g,1,20,0.417,0.416,0.9968,5.058,19,0.415,0.416,0.9987
ampere-gpu0,llama_p2048_o64,3g,1,20,0.674,0.67,0.9949,4.929,19,0.664,0.671,0.9904
ampere-gpu0,llama_p2048_o64,4g,1,20,0.684,0.681,0.9949,4.882,19,0.676,0.686,0.993
ampere-gpu0,llama_p2048_o64,7g,1,20,0.734,0.73,0.9942,4.913,19,0.729,0.734,0.9982
ampere-gpu0,resnet50_image,1g,1,100,213.374,204.784,0.9597,2.858,10,196.61,206.684,0.9601
ampere-gpu0,resnet50_image,1g,4,100,308.262,304.531,0.9879,11.11,10,299.504,304.597,0.9835
ampere-gpu0,resnet50_image,1g,16,100,350.864,349.479,0.9961,43.677,10,349.27,349.648,0.9994
ampere-gpu0,resnet50_image,1g,32,100,374.174,373.285,0.9976,83.598,10,373.187,373.458,0.9997
ampere-gpu0,resnet50_image,1g,64,100,387.224,386.718,0.9987,163.384,10,386.592,386.8,0.9997
ampere-gpu0,resnet50_image,2g,1,100,244.998,233.935,0.9548,2.222,10,219.921,241.529,0.9401
ampere-gpu0,resnet50_image,2g,4,100,609.713,593.984,0.9742,4.68,10,588.426,595.486,0.9906
ampere-gpu0,resnet50_image,2g,16,100,702.346,696.876,0.9922,20.87,10,696.3,697.49,0.9992
ampere-gpu0,resnet50_image,2g,32,100,746.483,743.114,0.9955,40.9,10,742.587,743.904,0.9993
ampere-gpu0,resnet50_image,2g,64,100,774.588,772.824,0.9977,80.617,10,772.25,773.066,0.9993
ampere-gpu0,resnet50_image,3g,1,100,242.113,231.595,0.9566,2.302,10,228.269,234.56,0.9856
ampere-gpu0,resnet50_image,3g,4,100,915.56,875.699,0.9565,2.552,10,841.609,885.327,0.9611
ampere-gpu0,resnet50_image,3g,16,100,1217.183,1201.706,0.9873,11.341,10,1199.111,1202.778,0.9978
ampere-gpu0,resnet50_image,3g,32,100,1311.632,1302.423,0.993,22.501,10,1301.686,1303.309,0.9994
ampere-gpu0,resnet50_image,3g,64,100,1378.645,1373.156,0.996,44.47,10,1371.889,1374.169,0.9991
ampere-gpu0,resnet50_image,4g,1,100,243.989,231.717,0.9497,2.284,10,226.712,235.079,0.9784
ampere-gpu0,resnet50_image,4g,4,100,958.611,917.246,0.9568,2.329,10,912.281,928.462,0.9946
ampere-gpu0,resnet50_image,4g,16,100,1418.822,1397.734,0.9851,9.425,10,1392.055,1403.053,0.9959
ampere-gpu0,resnet50_image,4g,32,100,1485.73,1473.28,0.9916,19.649,10,1472.063,1474.803,0.9992
ampere-gpu0,resnet50_image,4g,64,100,1537.353,1530.199,0.9953,39.746,10,1528.489,1531.335,0.9989
ampere-gpu0,resnet50_image,7g,1,100,240.572,230.074,0.9564,2.349,10,227.816,232.418,0.9902
ampere-gpu0,resnet50_image,7g,4,100,972.706,930.969,0.9571,2.319,10,926.549,934.055,0.9953
ampere-gpu0,resnet50_image,7g,16,100,2243.44,2190.881,0.9766,5.276,10,2170.726,2221.224,0.9908
ampere-gpu0,resnet50_image,7g,32,100,2489.051,2452.335,0.9852,11.054,10,2428.511,2459.155,0.9903
ampere-gpu0,resnet50_image,7g,64,100,2640.078,2621.576,0.993,22.39,10,2613.322,2626.169,0.9969
ampere-gpu0,vgg16_image,1g,1,100,122.839,120.241,0.9789,6.207,10,120.081,120.795,0.9987
ampere-gpu0,vgg16_image,1g,4,100,184.427,182.973,0.9921,19.817,10,182.725,183.086,0.9986
ampere-gpu0,vgg16_image,1g,16,100,238.529,237.884,0.9973,65.12,10,237.739,237.961,0.9994
ampere-gpu0,vgg16_image,1g,32,100,249.269,248.875,0.9984,126.432,10,248.756,248.939,0.9995
ampere-gpu0,vgg16_image,1g,64,100,250.308,250.07,0.9991,253.752,10,250.002,250.134,0.9997
ampere-gpu0,vgg16_image,2g,1,100,240.643,231.412,0.9616,2.298,10,224.366,231.846,0.9696
ampere-gpu0,vgg16_image,2g,4,100,369.478,363.749,0.9845,8.953,10,363.082,366.619,0.9982
ampere-gpu0,vgg16_image,2g,16,100,477.378,474.922,0.9949,31.531,10,474.656,475.121,0.9994
ampere-gpu0,vgg16_image,2g,32,100,494.897,493.394,0.997,62.689,10,492.455,493.758,0.9981
ampere-gpu0,vgg16_image,2g,64,100,501.635,500.793,0.9983,125.618,10,500.687,500.931,0.9998
ampere-gpu0,vgg16_image,3g,1,100,392.238,368.745,0.9401,0.807,10,366.193,370.358,0.9931
ampere-gpu0,vgg16_image,3g,4,100,612.039,596.882,0.9752,4.692,10,596.063,598.355,0.9986
ampere-gpu0,vgg16_image,3g,16,100,775.56,769.112,0.9917,18.773,10,767.95,769.604,0.9985
ampere-gpu0,vgg16_image,3g,32,100,830.787,827.015,0.9955,36.609,10,825.921,827.405,0.9987
ampere-gpu0,vgg16_image,3g,64,100,833.398,831.327,0.9975,74.815,10,824.011,838.66,0.9912
ampere-gpu0,vgg16_image,4g,1,100,466.254,418.95,0.8985,0.561,10,387.339,433.132,0.9245
ampere-gpu0,vgg16_image,4g,4,100,778.773,754.424,0.9687,3.248,10,745.933,755.574,0.9887
ampere-gpu0,vgg16_image,4g,16,100,936.551,926.83,0.9896,15.287,10,924.691,927.596,0.9977
ampere-gpu0,vgg16_image,4g,32,100,973.029,967.33,0.9941,31.028,10,966.067,969.538,0.9987
ampere-gpu0,vgg16_image,4g,64,100,982.326,979.071,0.9967,63.307,10,977.748,980.966,0.9986
ampere-gpu0,vgg16_image,7g,1,100,643.176,471.186,0.7326,0.645,10,429.037,503.071,0.9105
ampere-gpu0,vgg16_image,7g,4,100,1138.04,1086.295,0.9545,1.745,10,1070.727,1112.444,0.9857
ampere-gpu0,vgg16_image,7g,16,100,1473.273,1449.484,0.9839,9.058,10,1393.242,1465.63,0.9612
ampere-gpu0,vgg16_image,7g,32,100,1580.58,1564.457,0.9898,18.365,10,1544.35,1579.279,0.9871
ampere-gpu0,vgg16_image,7g,64,100,1582.586,1575.566,0.9956,38.517,10,1572.451,1580.544,0.998
ampere-gpu0,vit_base_image,1g,1,100,50.501,50.029,0.9906,17.94,10,49.947,50.215,0.9984
ampere-gpu0,vit_base_image,1g,4,100,56.066,55.91,0.9972,69.48,10,55.884,55.931,0.9995
ampere-gpu0,vit_base_image,1g,16,100,63.165,63.098,0.9989,251.372,10,63.084,63.107,0.9998
ampere-gpu0,vit_base_image,1g,32,100,64.066,64.023,0.9993,497.694,10,64.015,64.032,0.9999
ampere-gpu0,vit_base_image,1g,64,100,65.209,65.184,0.9996,979.711,10,65.178,65.186,0.9999
ampere-gpu0,vit_base_image,2g,1,100,93.164,91.823,0.9856,8.857,10,91.326,92.558,0.9946
ampere-gpu0,vit_base_image,2g,4,100,108.387,107.87,0.9952,34.921,10,107.735,108.05,0.9987
ampere-gpu0,vit_base_image,2g,16,100,121.379,121.175,0.9983,129.84,10,121.162,121.259,0.9999
ampere-gpu0,vit_base_image,2g,32,100,126.422,126.263,0.9987,251.254,10,126.137,126.457,0.999
ampere-gpu0,vit_base_image,2g,64,100,128.078,127.991,0.9993,497.798,10,127.943,128.323,0.9996
ampere-gpu0,vit_base_image,3g,1,100,132.616,129.726,0.9782,5.674,10,128.999,130.291,0.9944
ampere-gpu0,vit_base_image,3g,4,100,156.907,156.117,0.995,23.565,10,155.732,156.624,0.9975
ampere-gpu0,vit_base_image,3g,16,100,185.0,184.64,0.9981,84.523,10,184.489,185.117,0.9992
ampere-gpu0,vit_base_image,3g,32,100,189.595,189.329,0.9986,166.837,10,189.293,189.392,0.9998
ampere-gpu0,vit_base_image,3g,64,100,193.791,193.63,0.9992,328.347,10,193.572,193.865,0.9997
ampere-gpu0,vit_base_image,4g,1,100,162.134,157.709,0.9727,4.331,10,155.601,158.031,0.9866
ampere-gpu0,vit_base_image,4g,4,100,208.442,206.956,0.9929,17.275,10,205.149,207.964,0.9913
ampere-gpu0,vit_base_image,4g,16,100,241.12,240.328,0.9967,64.464,10,239.924,240.471,0.9983
ampere-gpu0,vit_base_image,4g,32,100,245.314,244.947,0.9985,128.518,10,244.543,245.617,0.9984
ampere-gpu0,vit_base_image,4g,64,100,250.473,250.263,0.9992,253.611,10,250.105,250.438,0.9994
ampere-gpu0,vit_base_image,7g,1,100,206.987,199.602,0.9643,2.998,10,198.499,201.066,0.9945
ampere-gpu0,vit_base_image,7g,4,100,302.593,298.584,0.9868,11.423,10,292.289,299.935,0.9789
ampere-gpu0,vit_base_image,7g,16,100,352.381,349.533,0.9919,43.676,10,348.843,351.597,0.998
ampere-gpu0,vit_base_image,7g,32,100,370.903,370.192,0.9981,84.324,10,369.514,371.325,0.9982
ampere-gpu0,vit_base_image,7g,64,100,388.946,387.498,0.9963,162.735,10,387.223,387.976,0.9993
ampere-gpu1,gpt2_p512_o512,1g,1,20,0.186,0.185,0.9991,2.399,19,0.185,0.186,0.9971
ampere-gpu1,gpt2_p512_o512,2g,1,20,0.195,0.195,0.999,2.438,19,0.194,0.195,0.9959
ampere-gpu1,gpt2_p512_o512,3g,1,20,0.196,0.196,0.999,2.531,19,0.194,0.197,0.9941
ampere-gpu1,gpt2_p512_o512,4g,1,20,0.193,0.192,0.9991,2.369,19,0.191,0.193,0.9919
ampere-gpu1,gpt2_p512_o512,7g,1,20,0.192,0.192,0.999,2.437,19,0.191,0.192,0.9936
ampere-gpu1,gpt2_p64_o64,1g,1,20,1.52,1.511,0.9944,0.92,19,1.491,1.519,0.9865
ampere-gpu1,gpt2_p64_o64,2g,1,20,1.591,1.581,0.9942,0.919,19,1.56,1.585,0.9866
ampere-gpu1,gpt2_p64_o64,3g,1,20,1.584,1.575,0.9945,0.899,19,1.567,1.579,0.9946
ampere-gpu1,gpt2_p64_o64,4g,1,20,1.552,1.544,0.995,0.891,19,1.532,1.549,0.992
ampere-gpu1,gpt2_p64_o64,7g,1,20,1.572,1.563,0.9941,0.933,19,1.554,1.566,0.9946
ampere-gpu1,llama_p1024_o128,2g,1,20,0.263,0.262,0.9985,3.179,19,0.262,0.263,0.998
ampere-gpu1,llama_p1024_o128,3g,1,20,0.375,0.374,0.9977,3.264,19,0.373,0.376,0.9968
ampere-gpu1,llama_p1024_o128,4g,1,20,0.375,0.374,0.9978,3.149,19,0.372,0.375,0.9958
ampere-gpu1,llama_p1024_o128,7g,1,20,0.388,0.387,0.9972,3.211,19,0.385,0.388,0.9965
ampere-gpu1,llama_p2048_o64,2g,1,20,0.417,0.415,0.9967,4.973,19,0.415,0.416,0.9985
ampere-gpu1,llama_p2048_o64,3g,1,20,0.673,0.669,0.9948,4.899,19,0.657,0.67,0.9816
ampere-gpu1,llama_p2048_o64,4g,1,20,0.691,0.688,0.9946,5.034,19,0.683,0.69,0.9932
ampere-gpu1,llama_p2048_o64,7g,1,20,0.735,0.731,0.9944,4.942,19,0.727,0.734,0.9947
ampere-gpu1,resnet50_image,1g,1,100,213.659,206.579,0.9669,2.805,10,205.546,207.197,0.995
ampere-gpu1,resnet50_image,1g,4,100,308.116,304.289,0.9876,11.104,10,303.067,304.637,0.996
ampere-gpu1,resnet50_image,1g,16,100,350.727,349.347,0.9961,43.616,10,349.135,349.546,0.9994
ampere-gpu1,resnet50_image,1g,32,100,374.009,373.155,0.9977,83.645,10,373.012,373.329,0.9996
ampere-gpu1,resnet50_image,1g,64,100,386.993,386.497,0.9987,163.385,10,386.427,386.551,0.9998
ampere-gpu1,resnet50_image,2g,1,100,234.474,225.525,0.9618,2.41,10,212.31,226.275,0.9414
ampere-gpu1,resnet50_image,2g,4,100,609.108,594.379,0.9758,4.643,10,592.154,595.228,0.9963
ampere-gpu1,resnet50_image,2g,16,100,702.086,696.811,0.9925,20.827,10,696.315,697.429,0.9993
ampere-gpu1,resnet50_image,2g,32,100,746.331,743.223,0.9958,40.926,10,742.572,743.615,0.9991
ampere-gpu1,resnet50_image,2g,64,100,774.448,772.679,0.9977,80.578,10,772.399,772.857,0.9996
ampere-gpu1,resnet50_image,3g,1,100,243.217,233.552,0.9603,2.264,10,231.809,234.725,0.9925
ampere-gpu1,resnet50_image,3g,4,100,915.905,882.506,0.9635,2.481,10,830.218,884.291,0.9408
ampere-gpu1,resnet50_image,3g,16,100,1218.074,1202.708,0.9874,11.235,10,1201.264,1203.949,0.9988
ampere-gpu1,resnet50_image,3g,32,100,1312.329,1303.316,0.9931,22.44,10,1297.79,1303.802,0.9958
ampere-gpu1,resnet50_image,3g,64,100,1379.633,1374.309,0.9961,44.444,10,1373.137,1375.347,0.9991
ampere-gpu1,resnet50_image,4g,1,100,241.47,232.197,0.9616,2.24,10,228.743,233.004,0.9851
ampere-gpu1,resnet50_image,4g,4,100,949.704,914.35,0.9628,2.331,10,911.681,915.687,0.9971
ampere-gpu1,resnet50_image,4g,16,100,1418.335,1397.483,0.9853,9.343,10,1394.25,1399.906,0.9977
ampere-gpu1,resnet50_image,4g,32,100,1484.096,1472.758,0.9924,19.496,10,1467.951,1473.935,0.9967
ampere-gpu1,resnet50_image,4g,64,100,1535.616,1529.032,0.9957,39.673,10,1527.607,1529.988,0.9991
ampere-gpu1,resnet50_image,7g,1,100,248.073,237.931,0.9591,2.094,10,236.407,238.721,0.9936
ampere-gpu1,resnet50_image,7g,4,100,1002.41,961.354,0.959,2.067,10,957.281,965.417,0.9958
ampere-gpu1,resnet50_image,7g,16,100,2232.302,2182.242,0.9776,5.22,10,2131.516,2208.756,0.9768
ampere-gpu1,resnet50_image,7g,32,100,2464.493,2438.057,0.9893,10.989,10,2413.892,2441.818,0.9901
ampere-gpu1,resnet50_image,7g,64,100,2625.821,2607.61,0.9931,22.356,10,2601.953,2613.953,0.9978
ampere-gpu1,vgg16_image,1g,1,100,122.74,120.309,0.9802,6.263,10,120.067,120.517,0.998
ampere-gpu1,vgg16_image,1g,4,100,184.232,182.785,0.9921,19.794,10,182.462,182.967,0.9982
ampere-gpu1,vgg16_image,1g,16,100,238.231,237.531,0.9971,65.248,10,237.434,237.661,0.9996
ampere-gpu1,vgg16_image,1g,32,100,248.907,248.518,0.9984,126.587,10,248.402,248.593,0.9995
ampere-gpu1,vgg16_image,1g,64,100,250.137,249.891,0.999,253.901,10,249.802,249.932,0.9996
ampere-gpu1,vgg16_image,2g,1,100,240.515,231.758,0.9636,2.223,10,230.021,232.689,0.9925
ampere-gpu1,vgg16_image,2g,4,100,369.319,363.825,0.9851,8.868,10,362.526,365.23,0.9964
ampere-gpu1,vgg16_image,2g,16,100,477.266,474.785,0.9948,31.467,10,472.65,475.144,0.9955
ampere-gpu1,vgg16_image,2g,32,100,494.821,493.386,0.9971,62.683,10,493.098,493.602,0.9994
ampere-gpu1,vgg16_image,2g,64,100,501.514,500.059,0.9971,122.84,10,496.237,504.23,0.9924
ampere-gpu1,vgg16_image,3g,1,100,392.218,367.183,0.9362,0.708,10,315.259,371.746,0.8586
ampere-gpu1,vgg16_image,3g,4,100,612.512,597.224,0.975,4.618,10,595.416,599.013,0.997
ampere-gpu1,vgg16_image,3g,16,100,776.909,770.622,0.9919,18.638,10,769.142,771.482,0.9981
ampere-gpu1,vgg16_image,3g,32,100,832.311,828.438,0.9953,36.437,10,827.847,828.979,0.9993
ampere-gpu1,vgg16_image,3g,64,100,829.971,829.408,0.9993,75.025,10,827.747,831.853,0.998
ampere-gpu1,vgg16_image,4g,1,100,465.702,408.41,0.877,0.588,10,359.246,415.168,0.8796
ampere-gpu1,vgg16_image,4g,4,100,777.813,753.927,0.9693,3.173,10,751.937,755.003,0.9974
ampere-gpu1,vgg16_image,4g,16,100,930.727,921.219,0.9898,15.171,10,918.436,922.154,0.997
ampere-gpu1,vgg16_image,4g,32,100,967.751,963.055,0.9951,31.058,10,957.07,964.105,0.9938
ampere-gpu1,vgg16_image,4g,64,100,977.028,973.933,0.9968,63.445,10,972.656,975.058,0.9987
ampere-gpu1,vgg16_image,7g,1,100,644.955,416.549,0.6459,0.747,10,397.742,477.911,0.9548
ampere-gpu1,vgg16_image,7g,4,100,1131.288,1083.118,0.9574,1.617,10,1042.128,1104.724,0.9622
ampere-gpu1,vgg16_image,7g,16,100,1456.444,1437.246,0.9868,8.971,10,1402.859,1441.506,0.9761
ampere-gpu1,vgg16_image,7g,32,100,1560.602,1549.171,0.9927,18.403,10,1531.005,1562.081,0.9883
ampere-gpu1,vgg16_image,7g,64,100,1571.836,1562.868,0.9943,38.59,10,1555.141,1570.814,0.9951
ampere-gpu1,vit_base_image,1g,1,100,50.478,50.028,0.9911,17.94,10,49.96,50.068,0.9986
ampere-gpu1,vit_base_image,1g,4,100,56.033,55.864,0.997,69.378,10,55.835,55.941,0.9995
ampere-gpu1,vit_base_image,1g,16,100,63.141,63.074,0.9989,251.473,10,63.06,63.086,0.9998
ampere-gpu1,vit_base_image,1g,32,100,64.037,63.994,0.9993,497.787,10,63.988,64.001,0.9999
ampere-gpu1,vit_base_image,1g,64,100,65.171,65.144,0.9996,980.222,10,65.139,65.153,0.9999
ampere-gpu1,vit_base_image,2g,1,100,93.006,91.526,0.9841,8.831,10,85.84,93.099,0.9379
ampere-gpu1,vit_base_image,2g,4,100,108.368,107.843,0.9952,34.908,10,107.732,107.882,0.999
ampere-gpu1,vit_base_image,2g,16,100,121.213,121.012,0.9983,129.986,10,120.966,121.048,0.9996
ampere-gpu1,vit_base_image,2g,32,100,126.154,126.023,0.999,251.679,10,125.955,126.06,0.9995
ampere-gpu1,vit_base_image,2g,64,100,128.148,128.057,0.9993,497.585,10,128.051,128.095,1.0
ampere-gpu1,vit_base_image,3g,1,100,132.747,129.719,0.9772,5.615,10,128.697,130.139,0.9921
ampere-gpu1,vit_base_image,3g,4,100,157.112,156.0,0.9929,23.483,10,155.554,156.506,0.9971
ampere-gpu1,vit_base_image,3g,16,100,185.373,184.933,0.9976,84.289,10,184.788,185.043,0.9992
ampere-gpu1,vit_base_image,3g,32,100,190.297,190.024,0.9986,166.194,10,189.971,190.097,0.9997
ampere-gpu1,vit_base_image,3g,64,100,194.493,194.324,0.9991,327.134,10,194.26,194.381,0.9997
ampere-gpu1,vit_base_image,4g,1,100,162.147,157.762,0.973,4.284,10,156.669,158.06,0.9931
ampere-gpu1,vit_base_image,4g,4,100,208.169,205.299,0.9862,17.347,10,203.576,206.351,0.9916
ampere-gpu1,vit_base_image,4g,16,100,238.651,237.747,0.9962,65.115,10,237.35,238.08,0.9983
ampere-gpu1,vit_base_image,4g,32,100,242.741,242.342,0.9984,129.748,10,242.103,242.925,0.999
ampere-gpu1,vit_base_image,4g,64,100,248.4,248.131,0.9989,255.707,10,248.065,248.444,0.9997
ampere-gpu1,vit_base_image,7g,1,100,205.074,198.259,0.9668,2.915,10,196.023,200.702,0.9887
ampere-gpu1,vit_base_image,7g,4,100,298.779,294.903,0.987,11.422,10,290.461,296.744,0.9849
ampere-gpu1,vit_base_image,7g,16,100,348.137,346.677,0.9958,43.897,10,345.561,347.022,0.9968
ampere-gpu1,vit_base_image,7g,32,100,367.009,366.48,0.9986,85.067,10,366.152,368.136,0.9991
ampere-gpu1,vit_base_image,7g,64,100,384.525,384.035,0.9987,164.365,10,383.872,384.229,0.9996
rtx1-worker-gpu0,gpt2_p512_o512,1g,1,20,0.175,0.175,0.9994,2.296,19,0.174,0.177,0.9935
rtx1-worker-gpu0,gpt2_p512_o512,2g,1,20,0.184,0.184,0.9993,2.238,19,0.183,0.185,0.9931
rtx1-worker-gpu0,gpt2_p512_o512,3g,1,20,0.181,0.181,0.9993,2.302,19,0.18,0.182,0.9926
rtx1-worker-gpu0,gpt2_p512_o512,4g,1,20,0.18,0.18,0.9992,2.21,19,0.179,0.182,0.9962
rtx1-worker-gpu0,gpt2_p512_o512,7g,1,20,0.179,0.179,0.9993,2.261,19,0.177,0.18,0.99
rtx1-worker-gpu0,gpt2_p64_o64,1g,1,20,1.43,1.427,0.9974,0.718,19,1.41,1.439,0.9882
rtx1-worker-gpu0,gpt2_p64_o64,2g,1,20,1.497,1.491,0.9962,0.674,19,1.471,1.506,0.9866
rtx1-worker-gpu0,gpt2_p64_o64,3g,1,20,1.471,1.466,0.9964,0.695,19,1.449,1.479,0.9884
rtx1-worker-gpu0,gpt2_p64_o64,4g,1,20,1.442,1.438,0.997,0.713,19,1.417,1.463,0.9856
rtx1-worker-gpu0,gpt2_p64_o64,7g,1,20,1.435,1.43,0.9971,0.647,19,1.408,1.445,0.9844
rtx1-worker-gpu0,llama_p1024_o128,2g,1,20,0.263,0.262,0.9987,3.14,19,0.262,0.262,0.9988
rtx1-worker-gpu0,llama_p1024_o128,3g,1,20,0.352,0.352,0.9982,3.047,19,0.35,0.354,0.9945
rtx1-worker-gpu0,llama_p1024_o128,4g,1,20,0.351,0.351,0.9985,3.022,19,0.348,0.354,0.9937
rtx1-worker-gpu0,llama_p1024_o128,7g,1,20,0.363,0.363,0.9981,3.077,19,0.36,0.365,0.9918
rtx1-worker-gpu0,llama_p2048_o64,2g,1,20,0.417,0.416,0.9973,5.0,19,0.416,0.416,0.9995
rtx1-worker-gpu0,llama_p2048_o64,3g,1,20,0.641,0.639,0.9959,4.935,19,0.633,0.642,0.9907
rtx1-worker-gpu0,llama_p2048_o64,4g,1,20,0.658,0.655,0.9955,4.947,19,0.649,0.658,0.9906
rtx1-worker-gpu0,llama_p2048_o64,7g,1,20,0.697,0.694,0.9954,4.961,19,0.684,0.698,0.9853
rtx1-worker-gpu0,resnet50_image,1g,1,100,197.012,190.188,0.9654,4.521,10,178.705,191.303,0.9396
rtx1-worker-gpu0,resnet50_image,1g,4,100,308.005,303.736,0.9861,12.363,10,293.841,304.185,0.9674
rtx1-worker-gpu0,resnet50_image,1g,16,100,350.826,349.378,0.9959,44.792,10,349.105,349.458,0.9992
rtx1-worker-gpu0,resnet50_image,1g,32,100,374.101,373.16,0.9975,84.774,10,372.962,373.322,0.9995
rtx1-worker-gpu0,resnet50_image,1g,64,100,387.23,386.682,0.9986,164.556,10,386.574,386.778,0.9997
rtx1-worker-gpu0,resnet50_image,2g,1,100,216.289,208.022,0.9618,4.019,10,194.639,209.276,0.9357
rtx1-worker-gpu0,resnet50_image,2g,4,100,607.892,591.69,0.9733,5.913,10,568.288,598.661,0.9604
rtx1-worker-gpu0,resnet50_image,2g,16,100,701.352,695.662,0.9919,22.13,10,689.72,696.003,0.9915
rtx1-worker-gpu0,resnet50_image,2g,32,100,746.102,742.68,0.9954,42.218,10,742.317,743.004,0.9995
rtx1-worker-gpu0,resnet50_image,2g,64,100,774.56,772.566,0.9974,81.94,10,772.222,772.922,0.9996
rtx1-worker-gpu0,resnet50_image,3g,1,100,212.68,204.832,0.9631,4.09,10,189.501,206.735,0.9252
rtx1-worker-gpu0,resnet50_image,3g,4,100,819.731,789.102,0.9626,4.263,10,667.434,797.146,0.8458
rtx1-worker-gpu0,resnet50_image,3g,16,100,1216.413,1198.946,0.9856,12.468,10,1197.496,1200.418,0.9988
rtx1-worker-gpu0,resnet50_image,3g,32,100,1312.343,1302.216,0.9923,23.624,10,1300.475,1303.033,0.9987
rtx1-worker-gpu0,resnet50_image,3g,64,100,1378.878,1373.03,0.9958,45.731,10,1370.863,1374.974,0.9984
rtx1-worker-gpu0,resnet50_image,4g,1,100,208.779,200.385,0.9598,4.191,10,196.262,202.618,0.9794
rtx1-worker-gpu0,resnet50_image,4g,4,100,839.543,809.637,0.9644,4.16,10,802.477,815.212,0.9912
rtx1-worker-gpu0,resnet50_image,4g,16,100,1415.611,1392.261,0.9835,10.665,10,1390.736,1394.508,0.9989
rtx1-worker-gpu0,resnet50_image,4g,32,100,1482.887,1470.085,0.9914,20.881,10,1469.042,1470.412,0.9993
rtx1-worker-gpu0,resnet50_image,4g,64,100,1535.594,1528.181,0.9952,40.966,10,1523.878,1528.749,0.9972
rtx1-worker-gpu0,resnet50_image,7g,1,100,213.783,205.598,0.9617,4.037,10,201.853,208.256,0.9818
rtx1-worker-gpu0,resnet50_image,7g,4,100,862.977,833.082,0.9654,4.042,10,551.717,841.043,0.6623
rtx1-worker-gpu0,resnet50_image,7g,16,100,2326.139,2266.025,0.9742,6.247,10,2262.323,2269.66,0.9984
rtx1-worker-gpu0,resnet50_image,7g,32,100,2577.579,2540.501,0.9856,11.765,10,2532.243,2546.005,0.9967
rtx1-worker-gpu0,resnet50_image,7g,64,100,2734.024,2712.669,0.9922,22.755,10,2709.523,2715.293,0.9988
rtx1-worker-gpu0,vgg16_image,1g,1,100,122.72,120.011,0.9779,7.508,10,117.84,120.27,0.9819
rtx1-worker-gpu0,vgg16_image,1g,4,100,184.175,182.61,0.9915,20.999,10,181.115,182.692,0.9918
rtx1-worker-gpu0,vgg16_image,1g,16,100,238.522,237.777,0.9969,66.373,10,237.672,237.835,0.9996
rtx1-worker-gpu0,vgg16_image,1g,32,100,249.328,248.884,0.9982,127.541,10,248.767,248.992,0.9995
rtx1-worker-gpu0,vgg16_image,1g,64,100,250.462,250.207,0.999,254.781,10,250.155,250.239,0.9998
rtx1-worker-gpu0,vgg16_image,2g,1,100,240.228,230.137,0.958,3.531,10,223.273,231.095,0.9702
rtx1-worker-gpu0,vgg16_image,2g,4,100,369.532,363.206,0.9829,10.172,10,362.963,363.597,0.9993
rtx1-worker-gpu0,vgg16_image,2g,16,100,477.571,474.769,0.9941,32.776,10,474.24,474.954,0.9989
rtx1-worker-gpu0,vgg16_image,2g,32,100,495.365,493.73,0.9967,63.89,10,493.456,493.935,0.9994
rtx1-worker-gpu0,vgg16_image,2g,64,100,502.24,501.275,0.9981,126.651,10,501.153,501.508,0.9998
rtx1-worker-gpu0,vgg16_image,3g,1,100,390.855,364.345,0.9322,1.953,10,334.56,366.449,0.9183
rtx1-worker-gpu0,vgg16_image,3g,4,100,611.613,595.171,0.9731,5.909,10,592.918,596.489,0.9962
rtx1-worker-gpu0,vgg16_image,3g,16,100,776.539,769.517,0.991,19.887,10,763.089,769.73,0.9916
rtx1-worker-gpu0,vgg16_image,3g,32,100,832.082,827.812,0.9949,37.695,10,827.012,828.99,0.999
rtx1-worker-gpu0,vgg16_image,3g,64,100,835.094,832.695,0.9971,75.933,10,832.243,833.025,0.9995
rtx1-worker-gpu0,vgg16_image,4g,1,100,462.661,427.499,0.924,1.585,10,387.776,441.622,0.9071
rtx1-worker-gpu0,vgg16_image,4g,4,100,777.486,750.603,0.9654,4.559,10,749.22,752.699,0.9982
rtx1-worker-gpu0,vgg16_image,4g,16,100,941.619,931.616,0.9894,16.351,10,930.39,932.048,0.9987
rtx1-worker-gpu0,vgg16_image,4g,32,100,983.133,977.311,0.9941,31.901,10,976.429,977.601,0.9991
rtx1-worker-gpu0,vgg16_image,4g,64,100,995.25,992.065,0.9968,63.582,10,990.58,992.322,0.9985
rtx1-worker-gpu0,vgg16_image,7g,1,100,645.841,577.601,0.8943,1.052,10,575.303,580.623,0.996
rtx1-worker-gpu0,vgg16_image,7g,4,100,1190.743,1131.064,0.9499,2.761,10,1121.172,1141.874,0.9913
rtx1-worker-gpu0,vgg16_image,7g,16,100,1545.796,1516.294,0.9809,9.61,10,1491.063,1529.78,0.9834
rtx1-worker-gpu0,vgg16_image,7g,32,100,1663.155,1639.694,0.9859,18.541,10,1556.003,1658.477,0.949
rtx1-worker-gpu0,vgg16_image,7g,64,100,1668.98,1658.728,0.9939,37.662,10,1654.26,1663.129,0.9973
rtx1-worker-gpu0,vit_base_image,1g,1,100,50.504,50.041,0.9908,19.078,10,49.941,50.059,0.998
rtx1-worker-gpu0,vit_base_image,1g,4,100,56.065,55.894,0.997,70.655,10,55.868,55.914,0.9995
rtx1-worker-gpu0,vit_base_image,1g,16,100,63.171,63.1,0.9989,252.58,10,63.088,63.114,0.9998
rtx1-worker-gpu0,vit_base_image,1g,32,100,64.059,64.015,0.9993,498.952,10,64.009,64.023,0.9999
rtx1-worker-gpu0,vit_base_image,1g,64,100,65.203,65.175,0.9996,981.012,10,65.169,65.178,0.9999
rtx1-worker-gpu0,vit_base_image,2g,1,100,92.832,91.253,0.983,10.084,10,91.01,91.371,0.9973
rtx1-worker-gpu0,vit_base_image,2g,4,100,108.593,108.035,0.9949,36.072,10,105.549,110.601,0.977
rtx1-worker-gpu0,vit_base_image,2g,16,100,121.611,121.385,0.9981,130.885,10,121.358,121.411,0.9998
rtx1-worker-gpu0,vit_base_image,2g,32,100,126.449,126.311,0.9989,252.324,10,126.274,126.482,0.9997
rtx1-worker-gpu0,vit_base_image,2g,64,100,128.525,128.438,0.9993,497.38,10,128.397,128.457,0.9997
rtx1-worker-gpu0,vit_base_image,3g,1,100,132.167,128.936,0.9756,6.925,10,126.115,129.121,0.9781
rtx1-worker-gpu0,vit_base_image,3g,4,100,157.382,156.177,0.9923,24.73,10,156.035,156.266,0.9991
rtx1-worker-gpu0,vit_base_image,3g,16,100,185.463,184.966,0.9973,85.523,10,184.873,185.047,0.9995
rtx1-worker-gpu0,vit_base_image,3g,32,100,190.278,189.999,0.9985,167.477,10,189.941,190.035,0.9997
rtx1-worker-gpu0,vit_base_image,3g,64,100,194.477,194.394,0.9996,328.244,10,194.23,194.62,0.9992
rtx1-worker-gpu0,vit_base_image,4g,1,100,161.204,156.438,0.9704,5.58,10,154.35,158.015,0.9867
rtx1-worker-gpu0,vit_base_image,4g,4,100,210.069,208.023,0.9903,18.389,10,207.396,208.093,0.997
rtx1-worker-gpu0,vit_base_image,4g,16,100,243.633,242.816,0.9966,64.92,10,242.683,242.912,0.9995
rtx1-worker-gpu0,vit_base_image,4g,32,100,250.268,249.822,0.9982,127.164,10,249.748,249.864,0.9997
rtx1-worker-gpu0,vit_base_image,4g,64,100,254.66,254.367,0.9988,250.615,10,254.337,254.457,0.9999
rtx1-worker-gpu0,vit_base_image,7g,1,100,207.304,199.61,0.9629,4.207,10,196.194,200.052,0.9829
rtx1-worker-gpu0,vit_base_image,7g,4,100,321.105,315.74,0.9833,11.79,10,314.467,318.525,0.996
rtx1-worker-gpu0,vit_base_image,7g,16,100,373.019,371.841,0.9968,42.175,10,371.043,372.667,0.9979
rtx1-worker-gpu0,vit_base_image,7g,32,100,396.131,394.432,0.9957,80.131,10,393.547,395.185,0.9978
rtx1-worker-gpu0,vit_base_image,7g,64,100,412.414,411.925,0.9988,154.395,10,411.229,412.625,0.9983
