run_id,live_round,trace_round,phase,event_type,timestamp,timestamp_source,runtime_id,workload,physical_profile,batch,mu,delta,capacity,commitment,capacity_ratio,reason,uncertain
20260928T213056.778055Z,1,4,transition,source_baseline,2026-09-28T21:32:13.167951501Z,executor_started_at,,resnet50_image,,,0.0,0.0,0.0,0.0,,,False
20260928T213056.778055Z,1,4,transition,source_baseline,2026-09-28T21:32:13.167951501Z,executor_started_at,,vgg16_image,,,0.0,0.0,0.0,0.0,,,False
20260928T213056.778055Z,1,4,transition,source_baseline,2026-09-28T21:32:13.167951501Z,executor_started_at,,vit_base_image,,,0.0,0.0,0.0,0.0,,,False
20260928T213056.778055Z,1,4,transition,source_baseline,2026-09-28T21:32:13.167951501Z,executor_started_at,,gpt2_p64_o64,,,0.0,0.0,0.0,0.0,,,False
20260928T213056.778055Z,1,4,transition,source_baseline,2026-09-28T21:32:13.167951501Z,executor_started_at,,gpt2_p512_o512,,,0.0,0.0,0.0,0.0,,,False
20260928T213056.778055Z,1,4,transition,source_baseline,2026-09-28T21:32:13.167951501Z,executor_started_at,,llama_p1024_o128,,,0.0,0.0,0.0,0.0,,,False
20260928T213056.778055Z,1,4,transition,source_baseline,2026-09-28T21:32:13.167951501Z,executor_started_at,,llama_p2048_o64,,,0.0,0.0,0.0,0.0,,,False
20260928T213056.778055Z,1,4,transition,route_ready_add,2026-09-28T21:32:26.757706Z,router_upsert_ack,vgg16-image-ampere-gpu1-s2-4-2g,vgg16_image,,16,,0.0,0.0,0.0,,catalog_match_missing,False
20260928T213056.778055Z,1,4,transition,route_ready_add,2026-09-28T21:32:27.957856Z,router_upsert_ack,resnet50-image-rtx1-worker-gpu0-s3-4-1g,resnet50_image,,16,,0.0,0.0,0.0,,catalog_match_missing,False
20260928T213056.778055Z,1,4,transition,route_ready_add,2026-09-28T21:32:28.391328Z,router_upsert_ack,gpt2-p512-o512-rtx1-worker-gpu0-s1-2-1g,gpt2_p512_o512,,1,,0.0,0.0,0.0,,catalog_match_missing,False
20260928T213056.778055Z,1,4,transition,route_ready_add,2026-09-28T21:32:28.881557Z,router_upsert_ack,gpt2-p64-o64-rtx1-worker-gpu0-s2-3-1g,gpt2_p64_o64,,1,,0.0,0.0,0.0,,catalog_match_missing,False
20260928T213056.778055Z,1,4,transition,route_ready_add,2026-09-28T21:32:30.134341Z,router_upsert_ack,gpt2-p512-o512-rtx1-worker-gpu0-s0-1-1g,gpt2_p512_o512,,1,,0.0,0.0,0.0,,catalog_match_missing,False
20260928T213056.778055Z,1,4,transition,route_ready_add,2026-09-28T21:32:30.773682Z,router_upsert_ack,vit-base-image-ampere-gpu0-s2-4-2g,vit_base_image,,32,,0.0,0.0,0.0,,catalog_match_missing,False
20260928T213056.778055Z,1,4,transition,route_ready_add,2026-09-28T21:32:33.656708Z,router_upsert_ack,llama-p2048-o64-ampere-gpu1-s4-7-3g,llama_p2048_o64,,1,,0.0,0.0,0.0,,catalog_match_missing,False
20260928T213056.778055Z,1,4,transition,route_ready_add,2026-09-28T21:32:33.723204Z,router_upsert_ack,llama-p1024-o128-ampere-gpu1-s0-2-2g,llama_p1024_o128,,1,,0.0,0.0,0.0,,catalog_match_missing,False
20260928T213056.778055Z,1,4,transition,route_ready_add,2026-09-28T21:32:33.913573Z,router_upsert_ack,llama-p1024-o128-rtx1-worker-gpu0-s4-7-3g,llama_p1024_o128,,1,,0.0,0.0,0.0,,catalog_match_missing,False
20260928T213056.778055Z,1,4,transition,route_ready_add,2026-09-28T21:32:35.682476Z,router_upsert_ack,llama-p1024-o128-ampere-gpu0-s4-7-3g,llama_p1024_o128,,1,,0.0,0.0,0.0,,catalog_match_missing,False
20260928T213056.778055Z,1,4,transition,route_ready_add,2026-09-28T21:32:35.721037Z,router_upsert_ack,llama-p1024-o128-ampere-gpu0-s0-2-2g,llama_p1024_o128,,1,,0.0,0.0,0.0,,catalog_match_missing,False
20260928T213056.778055Z,2,5,transition,source_baseline,2026-09-28T21:33:18.877506989Z,executor_started_at,,resnet50_image,,,347.136,0.0,347.136,214.84735642686016,1.6157331687633518,,False
20260928T213056.778055Z,2,5,transition,source_baseline,2026-09-28T21:33:18.877506989Z,executor_started_at,,vgg16_image,,,468.144,0.0,468.144,446.803738317757,1.0477620481927712,,False
20260928T213056.778055Z,2,5,transition,source_baseline,2026-09-28T21:33:18.877506989Z,executor_started_at,,vit_base_image,,,125.967,0.0,125.967,122.60061919504642,1.0274581060606063,,False
20260928T213056.778055Z,2,5,transition,source_baseline,2026-09-28T21:33:18.877506989Z,executor_started_at,,gpt2_p64_o64,,,1.456,0.0,1.456,0.232258064516129,6.26888888888889,,False
20260928T213056.778055Z,2,5,transition,source_baseline,2026-09-28T21:33:18.877506989Z,executor_started_at,,gpt2_p512_o512,,,0.36,0.0,0.36,0.1706161137440758,2.1100000000000003,,False
20260928T213056.778055Z,2,5,transition,source_baseline,2026-09-28T21:33:18.877506989Z,executor_started_at,,llama_p1024_o128,,,1.242,0.0,1.242,0.5975103734439834,2.078625,,False
20260928T213056.778055Z,2,5,transition,source_baseline,2026-09-28T21:33:18.877506989Z,executor_started_at,,llama_p2048_o64,,,0.655,0.0,0.655,0.1795511221945137,3.647986111111112,,False
20260928T213056.778055Z,2,5,transition,batch_effective,2026-09-28T21:33:18.91285409Z,runtime_verify_ack,vgg16-image-ampere-gpu1-s2-4-2g,vgg16_image,,,,0.0,468.144,446.803738317757,1.0477620481927712,batch_capacity_missing,False
20260928T213056.778055Z,3,6,transition,source_baseline,2026-09-28T21:34:06.935307368Z,executor_started_at,,resnet50_image,,,347.136,0.0,347.136,214.69028786341497,1.6169152477956825,,False
20260928T213056.778055Z,3,6,transition,source_baseline,2026-09-28T21:34:06.935307368Z,executor_started_at,,vgg16_image,,,489.336,0.0,489.336,478.026168224299,1.023659440690691,,False
20260928T213056.778055Z,3,6,transition,source_baseline,2026-09-28T21:34:06.935307368Z,executor_started_at,,vit_base_image,,,125.967,0.0,125.967,122.60061919504642,1.0274581060606063,,False
20260928T213056.778055Z,3,6,transition,source_baseline,2026-09-28T21:34:06.935307368Z,executor_started_at,,gpt2_p64_o64,,,1.456,0.0,1.456,0.0,,,False
20260928T213056.778055Z,3,6,transition,source_baseline,2026-09-28T21:34:06.935307368Z,executor_started_at,,gpt2_p512_o512,,,0.36,0.0,0.36,0.1706161137440758,2.1100000000000003,,False
20260928T213056.778055Z,3,6,transition,source_baseline,2026-09-28T21:34:06.935307368Z,executor_started_at,,llama_p1024_o128,,,1.242,0.0,1.242,0.5975103734439834,2.078625,,False
20260928T213056.778055Z,3,6,transition,source_baseline,2026-09-28T21:34:06.935307368Z,executor_started_at,,llama_p2048_o64,,,0.655,0.0,0.655,0.1795511221945137,3.647986111111112,,False
20260928T213056.778055Z,3,6,transition,stop_accepting_remove,2026-09-28T21:34:06.969947497Z,action_request_started_conservative,llama-p1024-o128-ampere-gpu0-s4-7-3g,llama_p1024_o128,,1,,-0.0,1.242,0.5975103734439834,2.078625,catalog_match_missing,True
20260928T213056.778055Z,3,6,transition,route_ready_add,2026-09-28T21:34:19.199584Z,router_upsert_ack,vgg16-image-ampere-gpu0-s4-7-3g,vgg16_image,,4,,0.0,489.336,478.026168224299,1.023659440690691,catalog_match_missing,False
20260928T213056.778055Z,3,6,transition,batch_effective,2026-09-28T21:34:19.203988859Z,runtime_verify_ack,vgg16-image-ampere-gpu1-s2-4-2g,vgg16_image,,,,0.0,489.336,478.026168224299,1.023659440690691,batch_capacity_missing,False
20260928T213056.778055Z,4,7,transition,source_baseline,2026-09-28T21:35:06.644074043Z,executor_started_at,,resnet50_image,,,347.136,0.0,347.136,165.43807404023391,2.0982836146628365,,False
20260928T213056.778055Z,4,7,transition,source_baseline,2026-09-28T21:35:06.644074043Z,executor_started_at,,vgg16_image,,,515.448,0.0,515.448,461.5177570093458,1.116854101866252,,False
20260928T213056.778055Z,4,7,transition,source_baseline,2026-09-28T21:35:06.644074043Z,executor_started_at,,vit_base_image,,,125.967,0.0,125.967,122.60061919504642,1.0274581060606063,,False
20260928T213056.778055Z,4,7,transition,source_baseline,2026-09-28T21:35:06.644074043Z,executor_started_at,,gpt2_p64_o64,,,1.456,0.0,1.456,0.0,,,False
20260928T213056.778055Z,4,7,transition,source_baseline,2026-09-28T21:35:06.644074043Z,executor_started_at,,gpt2_p512_o512,,,0.36,0.0,0.36,0.0853080568720379,4.220000000000001,,False
20260928T213056.778055Z,4,7,transition,source_baseline,2026-09-28T21:35:06.644074043Z,executor_started_at,,llama_p1024_o128,,,0.884,0.0,0.884,0.0,,,False
20260928T213056.778055Z,4,7,transition,source_baseline,2026-09-28T21:35:06.644074043Z,executor_started_at,,llama_p2048_o64,,,0.655,0.0,0.655,0.1795511221945137,3.647986111111112,,False
20260928T213056.778055Z,4,7,transition,stop_accepting_remove,2026-09-28T21:35:06.689010501Z,action_request_started_conservative,llama-p1024-o128-ampere-gpu1-s0-2-2g,llama_p1024_o128,,1,,-0.0,0.884,0.0,,catalog_match_missing,True
20260928T213056.778055Z,4,7,transition,stop_accepting_remove,2026-09-28T21:35:06.689026962Z,action_request_started_conservative,llama-p1024-o128-ampere-gpu0-s0-2-2g,llama_p1024_o128,,1,,-0.0,0.884,0.0,,catalog_match_missing,True
20260928T213056.778055Z,4,7,transition,stop_accepting_remove,2026-09-28T21:35:06.689040016Z,action_request_started_conservative,llama-p1024-o128-rtx1-worker-gpu0-s4-7-3g,llama_p1024_o128,,1,,-0.0,0.884,0.0,,catalog_match_missing,True
20260928T213056.778055Z,4,7,transition,batch_effective,2026-09-28T21:35:06.69662917Z,runtime_verify_ack,resnet50-image-rtx1-worker-gpu0-s3-4-1g,resnet50_image,,,,0.0,347.136,165.43807404023391,2.0982836146628365,batch_capacity_missing,False
20260928T213056.778055Z,4,7,transition,route_ready_add,2026-09-28T21:35:17.672760Z,router_upsert_ack,vgg16-image-ampere-gpu0-s0-2-2g,vgg16_image,,1,,0.0,515.448,461.5177570093458,1.116854101866252,catalog_match_missing,False
20260928T213056.778055Z,4,7,transition,stop_accepting_remove,2026-09-28T21:35:17.672830727Z,action_request_started_conservative,vgg16-image-ampere-gpu1-s2-4-2g,vgg16_image,,1,,-0.0,515.448,461.5177570093458,1.116854101866252,catalog_match_missing,True
20260928T213056.778055Z,4,7,transition,route_ready_add,2026-09-28T21:35:26.412892Z,router_upsert_ack,llama-p2048-o64-rtx1-worker-gpu0-s4-7-3g,llama_p2048_o64,,1,,0.0,0.655,0.1795511221945137,3.647986111111112,catalog_match_missing,False
20260928T213056.778055Z,4,7,transition,stop_accepting_remove,2026-09-28T21:35:26.412999201Z,action_request_started_conservative,llama-p2048-o64-ampere-gpu1-s4-7-3g,llama_p2048_o64,,1,,-0.0,0.655,0.1795511221945137,3.647986111111112,catalog_match_missing,True
20260928T213056.778055Z,5,8,transition,source_baseline,2026-09-28T21:36:19.115428755Z,executor_started_at,,resnet50_image,,,176.963,0.0,176.963,91.3690271927075,1.9367941789154133,,False
20260928T213056.778055Z,5,8,transition,source_baseline,2026-09-28T21:36:19.115428755Z,executor_started_at,,vgg16_image,,,515.448,0.0,515.448,461.5177570093458,1.116854101866252,,False
20260928T213056.778055Z,5,8,transition,source_baseline,2026-09-28T21:36:19.115428755Z,executor_started_at,,vit_base_image,,,125.967,0.0,125.967,122.60061919504642,1.0274581060606063,,False
20260928T213056.778055Z,5,8,transition,source_baseline,2026-09-28T21:36:19.115428755Z,executor_started_at,,gpt2_p64_o64,,,1.456,0.0,1.456,0.232258064516129,6.26888888888889,,False
20260928T213056.778055Z,5,8,transition,source_baseline,2026-09-28T21:36:19.115428755Z,executor_started_at,,gpt2_p512_o512,,,0.36,0.0,0.36,0.0853080568720379,4.220000000000001,,False
20260928T213056.778055Z,5,8,transition,source_baseline,2026-09-28T21:36:19.115428755Z,executor_started_at,,llama_p1024_o128,,,0.0,0.0,0.0,0.0,,,False
20260928T213056.778055Z,5,8,transition,source_baseline,2026-09-28T21:36:19.115428755Z,executor_started_at,,llama_p2048_o64,,,0.655,0.0,0.655,0.0,,,False
20260928T213056.778055Z,5,8,transition,stop_accepting_remove,2026-09-28T21:36:19.166396562Z,action_request_started_conservative,gpt2-p512-o512-rtx1-worker-gpu0-s0-1-1g,gpt2_p512_o512,,1,,-0.0,0.36,0.0853080568720379,4.220000000000001,catalog_match_missing,True
20260928T213056.778055Z,5,8,transition,stop_accepting_remove,2026-09-28T21:36:19.16641121Z,action_request_started_conservative,llama-p2048-o64-rtx1-worker-gpu0-s4-7-3g,llama_p2048_o64,,1,,-0.0,0.655,0.0,,catalog_match_missing,True
20260928T213056.778055Z,5,8,transition,route_ready_add,2026-09-28T21:36:37.119992Z,router_upsert_ack,resnet50-image-ampere-gpu1-s6-7-1g,resnet50_image,,4,,0.0,176.963,91.3690271927075,1.9367941789154133,catalog_match_missing,False
20260928T213056.778055Z,5,8,transition,stop_accepting_remove,2026-09-28T21:36:37.120149215Z,action_request_started_conservative,resnet50-image-rtx1-worker-gpu0-s3-4-1g,resnet50_image,,4,,-0.0,176.963,91.3690271927075,1.9367941789154133,catalog_match_missing,True
20260928T213056.778055Z,5,8,transition,route_ready_add,2026-09-28T21:36:38.219373Z,router_upsert_ack,gpt2-p64-o64-ampere-gpu1-s5-6-1g,gpt2_p64_o64,,1,,0.0,1.456,0.232258064516129,6.26888888888889,catalog_match_missing,False
20260928T213056.778055Z,5,8,transition,stop_accepting_remove,2026-09-28T21:36:38.219454023Z,action_request_started_conservative,gpt2-p64-o64-rtx1-worker-gpu0-s2-3-1g,gpt2_p64_o64,,1,,-0.0,1.456,0.232258064516129,6.26888888888889,catalog_match_missing,True
20260928T213056.778055Z,5,8,transition,route_ready_add,2026-09-28T21:36:39.089198Z,router_upsert_ack,gpt2-p512-o512-ampere-gpu1-s4-5-1g,gpt2_p512_o512,,1,,0.0,0.36,0.0853080568720379,4.220000000000001,catalog_match_missing,False
20260928T213056.778055Z,5,8,transition,stop_accepting_remove,2026-09-28T21:36:39.089266116Z,action_request_started_conservative,gpt2-p512-o512-rtx1-worker-gpu0-s1-2-1g,gpt2_p512_o512,,1,,-0.0,0.36,0.0853080568720379,4.220000000000001,catalog_match_missing,True
20260928T213056.778055Z,5,8,transition,route_ready_add,2026-09-28T21:36:39.921626Z,router_upsert_ack,vgg16-image-ampere-gpu1-s0-2-2g,vgg16_image,,16,,0.0,515.448,461.5177570093458,1.116854101866252,catalog_match_missing,False
20260928T213056.778055Z,5,8,transition,stop_accepting_remove,2026-09-28T21:36:39.921727759Z,action_request_started_conservative,vgg16-image-ampere-gpu0-s4-7-3g,vgg16_image,,4,,-0.0,515.448,461.5177570093458,1.116854101866252,catalog_match_missing,True
20260928T213056.778055Z,5,8,transition,stop_accepting_remove,2026-09-28T21:36:39.921729282Z,action_request_started_conservative,vgg16-image-ampere-gpu0-s0-2-2g,vgg16_image,,1,,-0.0,515.448,461.5177570093458,1.116854101866252,catalog_match_missing,True
20260928T213056.778055Z,5,8,transition,route_ready_add,2026-09-28T21:36:40.084881Z,router_upsert_ack,vit-base-image-ampere-gpu1-s2-4-2g,vit_base_image,,32,,0.0,125.967,122.60061919504642,1.0274581060606063,catalog_match_missing,False
20260928T213056.778055Z,5,8,transition,stop_accepting_remove,2026-09-28T21:36:40.084987648Z,action_request_started_conservative,vit-base-image-ampere-gpu0-s2-4-2g,vit_base_image,,32,,-0.0,125.967,122.60061919504642,1.0274581060606063,catalog_match_missing,True
20260928T213056.778055Z,6,9,transition,source_baseline,2026-09-28T21:37:30.980749169Z,executor_started_at,,resnet50_image,,,176.963,0.0,176.963,66.79901619663318,2.649185722722056,,False
20260928T213056.778055Z,6,9,transition,source_baseline,2026-09-28T21:37:30.980749169Z,executor_started_at,,vgg16_image,,,468.144,0.0,468.144,460.7999999999999,1.0159375000000002,,False
20260928T213056.778055Z,6,9,transition,source_baseline,2026-09-28T21:37:30.980749169Z,executor_started_at,,vit_base_image,,,125.967,0.0,125.967,73.56037151702786,1.7124301767676768,,False
20260928T213056.778055Z,6,9,transition,source_baseline,2026-09-28T21:37:30.980749169Z,executor_started_at,,gpt2_p64_o64,,,1.456,0.0,1.456,0.232258064516129,6.26888888888889,,False
20260928T213056.778055Z,6,9,transition,source_baseline,2026-09-28T21:37:30.980749169Z,executor_started_at,,gpt2_p512_o512,,,0.18,0.0,0.18,0.0,,,False
20260928T213056.778055Z,6,9,transition,source_baseline,2026-09-28T21:37:30.980749169Z,executor_started_at,,llama_p1024_o128,,,0.0,0.0,0.0,0.0,,,False
20260928T213056.778055Z,6,9,transition,source_baseline,2026-09-28T21:37:30.980749169Z,executor_started_at,,llama_p2048_o64,,,0.0,0.0,0.0,0.0,,,False
20260928T213056.778055Z,6,9,transition,batch_effective,2026-09-28T21:37:31.008128635Z,runtime_verify_ack,vit-base-image-ampere-gpu1-s2-4-2g,vit_base_image,,,,0.0,125.967,73.56037151702786,1.7124301767676768,batch_capacity_missing,False
20260928T213056.778055Z,7,10,transition,source_baseline,2026-09-28T21:38:18.621607191Z,executor_started_at,,resnet50_image,,,176.963,0.0,176.963,57.53197095336495,3.0759071359374266,,False
20260928T213056.778055Z,7,10,transition,source_baseline,2026-09-28T21:38:18.621607191Z,executor_started_at,,vgg16_image,,,468.144,0.0,468.144,460.7999999999999,1.0159375000000002,,False
20260928T213056.778055Z,7,10,transition,source_baseline,2026-09-28T21:38:18.621607191Z,executor_started_at,,vit_base_image,,,89.405,0.0,89.405,73.56037151702786,1.2153962542087542,,False
20260928T213056.778055Z,7,10,transition,source_baseline,2026-09-28T21:38:18.621607191Z,executor_started_at,,gpt2_p64_o64,,,1.456,0.0,1.456,0.0,,,False
20260928T213056.778055Z,7,10,transition,source_baseline,2026-09-28T21:38:18.621607191Z,executor_started_at,,gpt2_p512_o512,,,0.18,0.0,0.18,0.0,,,False
20260928T213056.778055Z,7,10,transition,source_baseline,2026-09-28T21:38:18.621607191Z,executor_started_at,,llama_p1024_o128,,,0.0,0.0,0.0,0.0,,,False
20260928T213056.778055Z,7,10,transition,source_baseline,2026-09-28T21:38:18.621607191Z,executor_started_at,,llama_p2048_o64,,,0.0,0.0,0.0,0.0,,,False
20260928T213056.778055Z,7,10,transition,batch_effective,2026-09-28T21:38:18.650941341Z,runtime_verify_ack,vit-base-image-ampere-gpu1-s2-4-2g,vit_base_image,,,,0.0,89.405,73.56037151702786,1.2153962542087542,batch_capacity_missing,False
20260928T213056.778055Z,7,10,transition,batch_effective,2026-09-28T21:38:18.653018076Z,runtime_verify_ack,vgg16-image-ampere-gpu1-s0-2-2g,vgg16_image,,,,0.0,468.144,460.7999999999999,1.0159375000000002,batch_capacity_missing,False
20260928T213056.778055Z,8,11,transition,source_baseline,2026-09-28T21:39:06.344007146Z,executor_started_at,,resnet50_image,,,176.963,0.0,176.963,57.53197095336495,3.0759071359374266,,False
20260928T213056.778055Z,8,11,transition,source_baseline,2026-09-28T21:39:06.344007146Z,executor_started_at,,vgg16_image,,,489.336,0.0,489.336,317.607476635514,1.5406942090395481,,False
20260928T213056.778055Z,8,11,transition,source_baseline,2026-09-28T21:39:06.344007146Z,executor_started_at,,vit_base_image,,,125.967,0.0,125.967,122.60061919504642,1.0274581060606063,,False
20260928T213056.778055Z,8,11,transition,source_baseline,2026-09-28T21:39:06.344007146Z,executor_started_at,,gpt2_p64_o64,,,1.456,0.0,1.456,0.0,,,False
20260928T213056.778055Z,8,11,transition,source_baseline,2026-09-28T21:39:06.344007146Z,executor_started_at,,gpt2_p512_o512,,,0.18,0.0,0.18,0.0,,,False
20260928T213056.778055Z,8,11,transition,source_baseline,2026-09-28T21:39:06.344007146Z,executor_started_at,,llama_p1024_o128,,,0.0,0.0,0.0,0.0,,,False
20260928T213056.778055Z,8,11,transition,source_baseline,2026-09-28T21:39:06.344007146Z,executor_started_at,,llama_p2048_o64,,,0.0,0.0,0.0,0.0,,,False
20260928T213056.778055Z,8,11,transition,batch_effective,2026-09-28T21:39:06.37254206Z,runtime_verify_ack,vgg16-image-ampere-gpu1-s0-2-2g,vgg16_image,,,,0.0,489.336,317.607476635514,1.5406942090395481,batch_capacity_missing,False
20260928T213056.778055Z,9,12,transition,source_baseline,2026-09-28T21:39:51.261953365Z,executor_started_at,,resnet50_image,,,176.963,0.0,176.963,82.23661214667806,2.151876097283373,,False
20260928T213056.778055Z,9,12,transition,source_baseline,2026-09-28T21:39:51.261953365Z,executor_started_at,,vgg16_image,,,344.972,0.0,344.972,317.607476635514,1.0861583097928438,,False
20260928T213056.778055Z,9,12,transition,source_baseline,2026-09-28T21:39:51.261953365Z,executor_started_at,,vit_base_image,,,125.967,0.0,125.967,122.60061919504642,1.0274581060606063,,False
20260928T213056.778055Z,9,12,transition,source_baseline,2026-09-28T21:39:51.261953365Z,executor_started_at,,gpt2_p64_o64,,,1.456,0.0,1.456,0.0,,,False
20260928T213056.778055Z,9,12,transition,source_baseline,2026-09-28T21:39:51.261953365Z,executor_started_at,,gpt2_p512_o512,,,0.18,0.0,0.18,0.0,,,False
20260928T213056.778055Z,9,12,transition,source_baseline,2026-09-28T21:39:51.261953365Z,executor_started_at,,llama_p1024_o128,,,0.0,0.0,0.0,0.0,,,False
20260928T213056.778055Z,9,12,transition,source_baseline,2026-09-28T21:39:51.261953365Z,executor_started_at,,llama_p2048_o64,,,0.0,0.0,0.0,0.0,,,False
20260928T213056.778055Z,9,12,transition,batch_effective,2026-09-28T21:39:51.296990986Z,runtime_verify_ack,vgg16-image-ampere-gpu1-s0-2-2g,vgg16_image,,,,0.0,344.972,317.607476635514,1.0861583097928438,batch_capacity_missing,False
20260928T213056.778055Z,9,12,transition,route_ready_add,2026-09-28T21:40:13.793952Z,router_upsert_ack,llama-p2048-o64-ampere-gpu0-s4-7-3g,llama_p2048_o64,,1,,0.0,0.0,0.0,,catalog_match_missing,False
20260928T213056.778055Z,10,13,transition,source_baseline,2026-09-28T21:40:57.240313612Z,executor_started_at,,resnet50_image,,,176.963,0.0,176.963,100.61363406976928,1.7588371758571726,,False
20260928T213056.778055Z,10,13,transition,source_baseline,2026-09-28T21:40:57.240313612Z,executor_started_at,,vgg16_image,,,489.336,0.0,489.336,444.6504672897196,1.1004958635996773,,False
20260928T213056.778055Z,10,13,transition,source_baseline,2026-09-28T21:40:57.240313612Z,executor_started_at,,vit_base_image,,,125.967,0.0,125.967,73.56037151702786,1.7124301767676768,,False
20260928T213056.778055Z,10,13,transition,source_baseline,2026-09-28T21:40:57.240313612Z,executor_started_at,,gpt2_p64_o64,,,1.456,0.0,1.456,0.232258064516129,6.26888888888889,,False
20260928T213056.778055Z,10,13,transition,source_baseline,2026-09-28T21:40:57.240313612Z,executor_started_at,,gpt2_p512_o512,,,0.18,0.0,0.18,0.0853080568720379,2.1100000000000003,,False
20260928T213056.778055Z,10,13,transition,source_baseline,2026-09-28T21:40:57.240313612Z,executor_started_at,,llama_p1024_o128,,,0.0,0.0,0.0,0.0,,,False
20260928T213056.778055Z,10,13,transition,source_baseline,2026-09-28T21:40:57.240313612Z,executor_started_at,,llama_p2048_o64,,,0.655,0.0,0.655,0.0,,,False
20260928T213056.778055Z,10,13,transition,stop_accepting_remove,2026-09-28T21:40:57.272942141Z,action_request_started_conservative,llama-p2048-o64-ampere-gpu0-s4-7-3g,llama_p2048_o64,,1,,-0.0,0.655,0.0,,catalog_match_missing,True
20260928T213056.778055Z,10,13,transition,batch_effective,2026-09-28T21:40:57.277592369Z,runtime_verify_ack,vgg16-image-ampere-gpu1-s0-2-2g,vgg16_image,,,,0.0,489.336,444.6504672897196,1.1004958635996773,batch_capacity_missing,False
20260928T213056.778055Z,10,13,transition,batch_effective,2026-09-28T21:40:57.280597362Z,runtime_verify_ack,vit-base-image-ampere-gpu1-s2-4-2g,vit_base_image,,,,0.0,125.967,73.56037151702786,1.7124301767676768,batch_capacity_missing,False
20260928T213056.778055Z,11,14,transition,source_baseline,2026-09-28T21:41:46.8477011Z,executor_started_at,,resnet50_image,,,176.963,0.0,176.963,109.74604911579873,1.612477181873556,,False
20260928T213056.778055Z,11,14,transition,source_baseline,2026-09-28T21:41:46.8477011Z,executor_started_at,,vgg16_image,,,468.144,0.0,468.144,400.5084112149533,1.168874327956989,,False
20260928T213056.778055Z,11,14,transition,source_baseline,2026-09-28T21:41:46.8477011Z,executor_started_at,,vit_base_image,,,89.405,0.0,89.405,73.56037151702786,1.2153962542087542,,False
20260928T213056.778055Z,11,14,transition,source_baseline,2026-09-28T21:41:46.8477011Z,executor_started_at,,gpt2_p64_o64,,,1.456,0.0,1.456,0.0,,,False
20260928T213056.778055Z,11,14,transition,source_baseline,2026-09-28T21:41:46.8477011Z,executor_started_at,,gpt2_p512_o512,,,0.18,0.0,0.18,0.0,,,False
20260928T213056.778055Z,11,14,transition,source_baseline,2026-09-28T21:41:46.8477011Z,executor_started_at,,llama_p1024_o128,,,0.0,0.0,0.0,0.0,,,False
20260928T213056.778055Z,11,14,transition,source_baseline,2026-09-28T21:41:46.8477011Z,executor_started_at,,llama_p2048_o64,,,0.0,0.0,0.0,0.0,,,False
20260928T213056.778055Z,11,14,transition,route_ready_add,2026-09-28T21:42:15.588608Z,router_upsert_ack,llama-p2048-o64-ampere-gpu0-s4-7-3g,llama_p2048_o64,,1,,0.0,0.0,0.0,,catalog_match_missing,False
20260928T213056.778055Z,12,15,transition,source_baseline,2026-09-28T21:42:59.311603577Z,executor_started_at,,resnet50_image,,,176.963,0.0,176.963,133.64290912567927,1.3241480685936133,,False
20260928T213056.778055Z,12,15,transition,source_baseline,2026-09-28T21:42:59.311603577Z,executor_started_at,,vgg16_image,,,468.144,0.0,468.144,400.5084112149533,1.168874327956989,,False
20260928T213056.778055Z,12,15,transition,source_baseline,2026-09-28T21:42:59.311603577Z,executor_started_at,,vit_base_image,,,89.405,0.0,89.405,73.56037151702786,1.2153962542087542,,False
20260928T213056.778055Z,12,15,transition,source_baseline,2026-09-28T21:42:59.311603577Z,executor_started_at,,gpt2_p64_o64,,,1.456,0.0,1.456,0.0,,,False
20260928T213056.778055Z,12,15,transition,source_baseline,2026-09-28T21:42:59.311603577Z,executor_started_at,,gpt2_p512_o512,,,0.18,0.0,0.18,0.0,,,False
20260928T213056.778055Z,12,15,transition,source_baseline,2026-09-28T21:42:59.311603577Z,executor_started_at,,llama_p1024_o128,,,0.0,0.0,0.0,0.0,,,False
20260928T213056.778055Z,12,15,transition,source_baseline,2026-09-28T21:42:59.311603577Z,executor_started_at,,llama_p2048_o64,,,0.655,0.0,0.655,0.1795511221945137,3.647986111111112,,False
20260928T213056.778055Z,12,15,transition,stop_accepting_remove,2026-09-28T21:42:59.362044201Z,action_request_started_conservative,gpt2-p64-o64-ampere-gpu1-s5-6-1g,gpt2_p64_o64,,1,,-0.0,1.456,0.0,,catalog_match_missing,True
20260928T213056.778055Z,12,15,transition,stop_accepting_remove,2026-09-28T21:42:59.362139842Z,action_request_started_conservative,gpt2-p512-o512-ampere-gpu1-s4-5-1g,gpt2_p512_o512,,1,,-0.0,0.18,0.0,,catalog_match_missing,True
20260928T213056.778055Z,12,15,transition,route_ready_add,2026-09-28T21:43:19.613740Z,router_upsert_ack,vit-base-image-rtx1-worker-gpu0-s2-4-2g,vit_base_image,,1,,0.0,89.405,73.56037151702786,1.2153962542087542,catalog_match_missing,False
20260928T213056.778055Z,12,15,transition,stop_accepting_remove,2026-09-28T21:43:19.613803857Z,action_request_started_conservative,vit-base-image-ampere-gpu1-s2-4-2g,vit_base_image,,1,,-0.0,89.405,73.56037151702786,1.2153962542087542,catalog_match_missing,True
20260928T213056.778055Z,12,15,transition,route_ready_add,2026-09-28T21:43:19.655645Z,router_upsert_ack,resnet50-image-ampere-gpu0-s1-2-1g,resnet50_image,,4,,0.0,176.963,133.64290912567927,1.3241480685936133,catalog_match_missing,False
20260928T213056.778055Z,12,15,transition,stop_accepting_remove,2026-09-28T21:43:19.655732641Z,action_request_started_conservative,resnet50-image-ampere-gpu1-s6-7-1g,resnet50_image,,4,,-0.0,176.963,133.64290912567927,1.3241480685936133,catalog_match_missing,True
20260928T213056.778055Z,12,15,transition,route_ready_add,2026-09-28T21:43:20.826812Z,router_upsert_ack,gpt2-p512-o512-ampere-gpu0-s0-1-1g,gpt2_p512_o512,,1,,0.0,0.18,0.0,,catalog_match_missing,False
20260928T213056.778055Z,12,15,transition,route_ready_add,2026-09-28T21:43:21.660975Z,router_upsert_ack,vgg16-image-rtx1-worker-gpu0-s0-2-2g,vgg16_image,,16,,0.0,468.144,400.5084112149533,1.168874327956989,catalog_match_missing,False
20260928T213056.778055Z,12,15,transition,stop_accepting_remove,2026-09-28T21:43:21.661030034Z,action_request_started_conservative,vgg16-image-ampere-gpu1-s0-2-2g,vgg16_image,,16,,-0.0,468.144,400.5084112149533,1.168874327956989,catalog_match_missing,True
20260928T213056.778055Z,12,15,transition,route_ready_add,2026-09-28T21:43:26.972988Z,router_upsert_ack,llama-p1024-o128-ampere-gpu0-s2-4-2g,llama_p1024_o128,,1,,0.0,0.0,0.0,,catalog_match_missing,False
20260928T213056.778055Z,12,15,transition,route_ready_add,2026-09-28T21:43:29.249318Z,router_upsert_ack,llama-p1024-o128-rtx1-worker-gpu0-s4-7-3g,llama_p1024_o128,,1,,0.0,0.0,0.0,,catalog_match_missing,False
