action_type,workload,n,median_s,p90_s,max_s,type_median_s,workload_differs
activate_instance_route:after_batch,resnet50_image,1,2.28,2.28,2.28,2.394,False
activate_instance_route:after_batch,vgg16_image,6,2.344,4.394,4.4,2.394,False
activate_instance_route:after_batch,vit_base_image,3,2.509,2.509,4.083,2.394,False
activate_instance_route:after_place,gpt2_p512_o512,4,9.431,9.665,11.714,11.435,True
activate_instance_route:after_place,gpt2_p64_o64,2,10.72,10.006,11.435,11.435,True
activate_instance_route:after_place,llama_p1024_o128,6,15.4,15.522,20.163,11.435,True
activate_instance_route:after_place,llama_p2048_o64,4,14.856,15.095,17.264,11.435,True
activate_instance_route:after_place,resnet50_image,3,10.04,10.04,10.513,11.435,True
activate_instance_route:after_place,vgg16_image,5,7.412,10.925,11.526,11.435,True
activate_instance_route:after_place,vit_base_image,3,10.537,10.537,11.757,11.435,True
allocate_gpu,-,7,0.006,0.012,0.015,0.006,False
apply_batch,resnet50_image,1,0.002,0.002,0.002,0.002,False
apply_batch,vgg16_image,6,0.002,0.002,0.002,0.002,False
apply_batch,vit_base_image,3,0.002,0.002,0.002,0.002,False
bind_target_gpu,-,7,0.005,0.005,0.006,0.005,False
clear_gpu_binding,-,5,0.015,0.016,0.018,0.015,False
clear_template,-,5,1.828,1.929,3.333,1.828,False
configure_full_template,-,7,2.612,2.797,4.599,2.612,False
configure_partial_profile,-,1,3.172,3.172,3.172,3.172,False
deactivate_instance_route,gpt2_p512_o512,3,0.016,0.016,0.027,0.013,False
deactivate_instance_route,gpt2_p64_o64,2,0.008,0.005,0.012,0.013,False
deactivate_instance_route,llama_p1024_o128,4,0.015,0.022,0.026,0.013,False
deactivate_instance_route,llama_p2048_o64,3,0.012,0.012,0.015,0.013,False
deactivate_instance_route,resnet50_image,2,0.018,0.015,0.022,0.013,False
deactivate_instance_route,vgg16_image,4,0.027,0.047,0.054,0.013,False
deactivate_instance_route,vit_base_image,2,0.007,0.006,0.008,0.013,False
delete_instance,gpt2_p512_o512,3,4.124,4.124,4.197,4.047,False
delete_instance,gpt2_p64_o64,2,4.038,4.031,4.045,4.047,False
delete_instance,llama_p1024_o128,4,4.057,4.062,4.063,4.047,False
delete_instance,llama_p2048_o64,3,4.039,4.039,4.066,4.047,False
delete_instance,resnet50_image,2,4.085,4.031,4.14,4.047,False
delete_instance,vgg16_image,4,4.076,4.118,4.172,4.047,False
delete_instance,vit_base_image,2,4.033,4.031,4.036,4.047,False
patch_batch_config,resnet50_image,1,0.0,0.0,0.0,0.0,False
patch_batch_config,vgg16_image,6,0.0,0.0,0.0,0.0,False
patch_batch_config,vit_base_image,3,0.0,0.0,0.0,0.0,False
place_instance,gpt2_p512_o512,4,0.708,0.765,0.828,0.654,False
place_instance,gpt2_p64_o64,2,0.683,0.625,0.74,0.654,False
place_instance,llama_p1024_o128,6,0.679,0.755,0.988,0.654,False
place_instance,llama_p2048_o64,4,0.434,0.57,0.734,0.654,False
place_instance,resnet50_image,3,0.744,0.744,0.884,0.654,False
place_instance,vgg16_image,5,0.415,0.676,0.768,0.654,False
place_instance,vit_base_image,3,0.654,0.654,0.717,0.654,False
register_mig_devices,-,8,6.309,9.55,10.217,6.309,False
return_gpu,-,5,0.231,0.232,0.287,0.231,False
verify_batch,resnet50_image,1,0.03,0.03,0.03,0.01,False
verify_batch,vgg16_image,6,0.01,0.012,0.015,0.01,False
verify_batch,vit_base_image,3,0.008,0.008,0.01,0.01,False
wait_instance_drain,gpt2_p512_o512,3,0.01,0.01,0.013,0.011,False
wait_instance_drain,gpt2_p64_o64,2,0.011,0.01,0.012,0.011,False
wait_instance_drain,llama_p1024_o128,4,0.011,0.014,1.056,0.011,False
wait_instance_drain,llama_p2048_o64,3,0.011,0.011,0.015,0.011,False
wait_instance_drain,resnet50_image,2,0.139,0.014,0.265,0.011,False
wait_instance_drain,vgg16_image,4,0.008,0.009,0.268,0.011,False
wait_instance_drain,vit_base_image,2,0.133,0.008,0.259,0.011,False
