round,hour,resnet50_image,vgg16_image,vit_base_image,gpt2_p64_o64,gpt2_p512_o512,llama_p1024_o128,llama_p2048_o64
0,0.0,743.1586887579747,401.9439252336448,4536.222910216718,39.48387096774193,12.369668246445498,14.937759336099584,11.670822942643394
1,0.5,1000.6389409771099,2592.8971962616815,613.0030959752321,1.161290322580645,0.8530805687203792,5.975103734439833,1.7955112219451375
2,1.0,1161.7464103394968,2226.8411214953267,3432.8173374613,0.0,1.2796208530805688,2.9875518672199166,1.7955112219451375
3,1.5,1213.5790362764208,2234.018691588785,613.0030959752321,1.161290322580645,1.7061611374407584,5.975103734439833,0.8977556109725687
4,2.0,1074.2367821343007,2390.130841121495,613.0030959752321,1.161290322580645,0.8530805687203792,2.9875518672199166,1.7955112219451375
5,2.5,1073.4514393170746,2537.2710280373826,613.0030959752321,0.0,0.8530805687203792,2.9875518672199166,0.8977556109725687
6,3.0,827.1903702011696,2307.588785046729,613.0030959752321,1.161290322580645,0.4265402843601896,0.0,0.8977556109725687
7,3.5,456.8451359635375,2314.7663551401865,613.0030959752321,1.161290322580645,0.4265402843601896,0.0,0.0
8,4.0,333.99508098316585,2303.9999999999995,367.8018575851393,1.161290322580645,0.0,0.0,0.0
9,4.5,287.6598547668247,2348.859813084112,613.0030959752321,0.0,0.0,0.0,0.0
10,5.0,411.1830607333903,1588.0373831775698,613.0030959752321,0.0,0.0,0.0,0.0
11,5.5,503.06817034884637,2373.9813084112147,613.0030959752321,1.161290322580645,0.4265402843601896,0.0,0.8977556109725687
12,6.0,548.7302455789936,2223.252336448598,367.8018575851393,1.161290322580645,0.4265402843601896,0.0,0.0
13,6.5,735.6418360788103,2002.5420560747662,367.8018575851393,0.0,0.0,0.0,0.8977556109725687
14,7.0,668.2145456283963,2300.4112149532707,367.8018575851393,0.0,0.0,2.9875518672199166,0.8977556109725687
15,7.5,479.28350216999814,2268.1121495327097,613.0030959752321,0.0,0.4265402843601896,0.0,0.8977556109725687
16,8.0,529.0966751483406,2212.485981308411,613.0030959752321,1.161290322580645,0.4265402843601896,0.0,0.8977556109725687
17,8.5,388.85688635796197,2262.7289719626165,367.8018575851393,1.161290322580645,0.4265402843601896,0.0,0.8977556109725687
18,9.0,299.10342153211957,2268.1121495327097,613.0030959752321,2.32258064516129,1.7061611374407584,5.975103734439833,1.7955112219451375
19,9.5,182.31172542749226,1340.4112149532707,613.0030959752321,4.64516129032258,2.132701421800948,2.9875518672199166,1.7955112219451375
20,10.0,264.99710489829954,482.69158878504663,613.0030959752321,5.806451612903225,2.5592417061611377,5.975103734439833,1.7955112219451375
21,10.5,255.34860742952145,419.88785046728964,367.8018575851393,12.774193548387094,5.545023696682465,2.9875518672199166,2.6932668329177063
22,11.0,294.3913646287629,534.7289719626167,1471.2074303405573,42.96774193548387,13.222748815165879,23.900414937759333,11.670822942643394
23,11.5,257.8168277122321,552.6728971962616,613.0030959752321,34.83870967741935,23.886255924170616,14.937759336099584,4.488778054862843
24,12.0,210.8084505096972,879.2523364485979,858.204334365325,2.32258064516129,1.7061611374407584,5.975103734439833,1.7955112219451375
25,12.5,261.4069663052658,486.28037383177565,613.0030959752321,2.32258064516129,1.2796208530805688,2.9875518672199166,1.7955112219451375
26,13.0,178.38501134136166,407.3271028037382,613.0030959752321,2.32258064516129,1.2796208530805688,2.9875518672199166,3.591022443890275
27,13.5,212.26694431311716,462.9532710280373,1226.0061919504642,2.32258064516129,2.132701421800948,2.9875518672199166,3.591022443890275
28,14.0,115.66977779430432,1507.2897196261679,735.6037151702786,3.4838709677419355,2.132701421800948,5.975103734439833,2.6932668329177063
29,14.5,113.42594117365827,1.7943925233644857,367.8018575851393,4.64516129032258,3.4123222748815167,8.962655601659751,0.8977556109725687
30,15.0,82.90976313287186,540.1121495327102,613.0030959752321,3.4838709677419355,2.5592417061611377,2.9875518672199166,3.591022443890275
31,15.5,119.1477245563057,514.9906542056074,858.204334365325,2.32258064516129,2.985781990521327,5.975103734439833,3.591022443890275
32,16.0,90.87538313616537,1056.897196261682,367.8018575851393,3.4838709677419355,2.985781990521327,5.975103734439833,4.488778054862843
33,16.5,126.10361808030851,549.0841121495326,367.8018575851393,2.32258064516129,2.985781990521327,5.975103734439833,2.6932668329177063
34,17.0,69.11016791589861,583.1775700934579,367.8018575851393,3.4838709677419355,2.985781990521327,2.9875518672199166,2.6932668329177063
35,17.5,82.12442031564574,0.0,367.8018575851393,2.32258064516129,1.7061611374407584,8.962655601659751,1.7955112219451375
36,18.0,84.4804487673241,518.5794392523363,367.8018575851393,2.32258064516129,0.8530805687203792,2.9875518672199166,1.7955112219451375
37,18.5,93.68017891197294,471.92523364485976,367.8018575851393,1.161290322580645,1.2796208530805688,2.9875518672199166,2.6932668329177063
38,19.0,29.05768423736646,511.4018691588784,367.8018575851393,2.32258064516129,1.2796208530805688,2.9875518672199166,2.6932668329177063
39,19.5,26.813847616720402,610.0934579439252,613.0030959752321,1.161290322580645,1.2796208530805688,2.9875518672199166,2.6932668329177063
40,20.0,25.691929306397373,179.4392523364486,367.8018575851393,1.161290322580645,0.8530805687203792,2.9875518672199166,1.7955112219451375
41,20.5,47.90591185079335,640.5981308411214,367.8018575851393,1.161290322580645,1.7061611374407584,5.975103734439833,1.7955112219451375
42,21.0,62.490849884992734,0.0,367.8018575851393,2.32258064516129,2.5592417061611377,5.975103734439833,0.8977556109725687
43,21.5,76.40263693299829,0.0,367.8018575851393,1.161290322580645,1.7061611374407584,5.975103734439833,3.591022443890275
44,22.0,58.564135798862125,0.0,1103.4055727554178,1.161290322580645,1.2796208530805688,5.975103734439833,4.488778054862843
45,22.5,170.86815866219737,1.7943925233644857,367.8018575851393,1.161290322580645,0.8530805687203792,2.9875518672199166,1.7955112219451375
46,23.0,166.82925274503447,644.1869158878503,1839.0092879256965,1.161290322580645,0.8530805687203792,2.9875518672199166,0.8977556109725687
47,23.5,262.75326827765343,134.57943925233644,1226.0061919504642,0.0,0.8530805687203792,2.9875518672199166,2.6932668329177063
