live_round,round,hour,resnet50_image,vgg16_image,vit_base_image,gpt2_p64_o64,gpt2_p512_o512,llama_p1024_o128,llama_p2048_o64
1,4,1.5,242.71580725528415,446.803738317757,122.60061919504642,0.232258064516129,0.3412322274881517,1.1950207468879668,0.1795511221945137
2,5,2.0,214.84735642686016,478.026168224299,122.60061919504642,0.232258064516129,0.1706161137440758,0.5975103734439834,0.3591022443890275
3,6,2.5,214.69028786341497,507.4542056074765,122.60061919504642,0.0,0.1706161137440758,0.5975103734439834,0.1795511221945137
4,7,3.0,165.43807404023391,461.5177570093458,122.60061919504642,0.232258064516129,0.0853080568720379,0.0,0.1795511221945137
5,8,3.5,91.3690271927075,462.9532710280373,122.60061919504642,0.232258064516129,0.0853080568720379,0.0,0.0
6,9,4.0,66.79901619663318,460.7999999999999,73.56037151702786,0.232258064516129,0.0,0.0,0.0
7,10,4.5,57.53197095336495,469.7719626168224,122.60061919504642,0.0,0.0,0.0,0.0
8,11,5.0,82.23661214667806,317.607476635514,122.60061919504642,0.0,0.0,0.0,0.0
9,12,5.5,100.61363406976928,474.79626168224297,122.60061919504642,0.232258064516129,0.0853080568720379,0.0,0.1795511221945137
10,13,6.0,109.74604911579873,444.6504672897196,73.56037151702786,0.232258064516129,0.0853080568720379,0.0,0.0
11,14,6.5,147.12836721576207,400.5084112149533,73.56037151702786,0.0,0.0,0.0,0.1795511221945137
12,15,7.0,133.64290912567927,460.08224299065415,73.56037151702786,0.0,0.0,0.5975103734439834,0.1795511221945137
