scale,round,hour,segment,source_gpus,success,cold_start,logical_gpus,target_gpus,peak_reserved_gpus,headroom,actions,unguarded,action_types,strategies,failed_phase,error
0.2,4,1.5,3,0,True,True,3,3.0,3.0,0.0,40.0,0.0,"{""allocate_gpu"": 3, ""configure_full_template"": 3, ""bind_target_gpu"": 3, ""register_mig_devices"": 3, ""place_instance"": 14, ""activate_instance_route"": 14}","{""create_gpu"": 3}",,
0.2,5,2.0,3,3,True,False,3,3.0,3.0,0.0,9.0,0.0,"{""patch_batch_config"": 1, ""deactivate_instance_route"": 1, ""wait_instance_drain"": 1, ""delete_instance"": 1, ""place_instance"": 1, ""activate_instance_route"": 2, ""apply_batch"": 1, ""verify_batch"": 1}","{""instance_diff"": 1}",,
0.2,6,2.5,3,3,True,False,3,3.0,3.0,0.0,8.0,0.0,"{""patch_batch_config"": 2, ""apply_batch"": 2, ""verify_batch"": 2, ""activate_instance_route"": 2}","{""instance_diff"": 1}",,
0.2,7,3.0,3,3,True,False,2,2.0,3.0,0.0,42.0,0.0,"{""deactivate_instance_route"": 7, ""wait_instance_drain"": 7, ""delete_instance"": 7, ""configure_partial_profile"": 2, ""register_mig_devices"": 2, ""place_instance"": 3, ""activate_instance_route"": 5, ""patch_batch_config"": 2, ""apply_batch"": 2, ""verify_batch"": 2, ""clear_gpu_binding"": 1, ""clear_template"": 1, ""return_gpu"": 1}","{""remove_gpu"": 1, ""partial_reconfiguration"": 2}",,
0.2,8,3.5,3,2,True,False,1,1.0,2.0,0.0,33.0,0.0,"{""patch_batch_config"": 2, ""apply_batch"": 2, ""verify_batch"": 2, ""activate_instance_route"": 4, ""deactivate_instance_route"": 6, ""wait_instance_drain"": 6, ""delete_instance"": 6, ""place_instance"": 2, ""clear_gpu_binding"": 1, ""clear_template"": 1, ""return_gpu"": 1}","{""instance_diff"": 1, ""remove_gpu"": 1}",,
0.2,9,4.0,3,1,True,False,1,1.0,1.0,0.0,8.0,0.0,"{""patch_batch_config"": 2, ""apply_batch"": 2, ""verify_batch"": 2, ""activate_instance_route"": 2}","{""instance_diff"": 1}",,
0.2,10,4.5,3,1,True,False,1,1.0,1.0,0.0,8.0,0.0,"{""patch_batch_config"": 2, ""apply_batch"": 2, ""verify_batch"": 2, ""activate_instance_route"": 2}","{""instance_diff"": 1}",,
0.2,11,5.0,3,1,True,False,1,1.0,1.0,0.0,4.0,0.0,"{""patch_batch_config"": 1, ""apply_batch"": 1, ""verify_batch"": 1, ""activate_instance_route"": 1}","{""instance_diff"": 1}",,
0.2,12,5.5,3,1,True,False,2,2.0,2.0,0.0,14.0,0.0,"{""patch_batch_config"": 2, ""apply_batch"": 2, ""verify_batch"": 2, ""activate_instance_route"": 3, ""allocate_gpu"": 1, ""configure_full_template"": 1, ""bind_target_gpu"": 1, ""register_mig_devices"": 1, ""place_instance"": 1}","{""instance_diff"": 1, ""create_gpu"": 1}",,
0.2,13,6.0,3,2,True,False,1,1.0,2.0,0.0,14.0,0.0,"{""patch_batch_config"": 2, ""apply_batch"": 2, ""verify_batch"": 2, ""activate_instance_route"": 2, ""deactivate_instance_route"": 1, ""wait_instance_drain"": 1, ""delete_instance"": 1, ""clear_gpu_binding"": 1, ""clear_template"": 1, ""return_gpu"": 1}","{""instance_diff"": 1, ""remove_gpu"": 1}",,
0.2,14,6.5,3,1,True,False,2,2.0,2.0,0.0,10.0,0.0,"{""patch_batch_config"": 1, ""apply_batch"": 1, ""verify_batch"": 1, ""activate_instance_route"": 2, ""allocate_gpu"": 1, ""configure_full_template"": 1, ""bind_target_gpu"": 1, ""register_mig_devices"": 1, ""place_instance"": 1}","{""instance_diff"": 1, ""create_gpu"": 1}",,
0.2,15,7.0,3,2,True,False,2,2.0,3.0,1.0,39.0,0.0,"{""deactivate_instance_route"": 6, ""wait_instance_drain"": 6, ""delete_instance"": 6, ""configure_partial_profile"": 1, ""register_mig_devices"": 2, ""place_instance"": 6, ""activate_instance_route"": 6, ""allocate_gpu"": 1, ""configure_full_template"": 1, ""bind_target_gpu"": 1, ""clear_gpu_binding"": 1, ""clear_template"": 1, ""return_gpu"": 1}","{""bridge_reconfiguration"": 1, ""partial_reconfiguration"": 1}",,
