run_id,live_round,trace_round,phase,workload,action_type,count,success_count,failure_count,duration_min_seconds,duration_median_seconds,duration_max_seconds
20260928T214830.048648Z,1,4,transition,GPU-scope,allocate_gpu,3,3,0,0.003636,0.010758,0.014776
20260928T214830.048648Z,1,4,transition,GPU-scope,bind_target_gpu,3,3,0,0.004685,0.004766,0.005487
20260928T214830.048648Z,1,4,transition,GPU-scope,configure_full_template,3,3,0,1.931837,2.402165,2.705325
20260928T214830.048648Z,1,4,transition,GPU-scope,register_mig_devices,3,3,0,5.260273,6.965986,7.217153
20260928T214830.048648Z,1,4,transition,gpt2_p512_o512,activate_instance_route,2,2,0,9.197025,9.4309495,9.664874
20260928T214830.048648Z,1,4,transition,gpt2_p512_o512,place_instance,2,2,0,0.602707,0.6266430000000001,0.650579
20260928T214830.048648Z,1,4,transition,gpt2_p64_o64,activate_instance_route,1,1,0,10.005788,10.005788,10.005788
20260928T214830.048648Z,1,4,transition,gpt2_p64_o64,place_instance,1,1,0,0.625155,0.625155,0.625155
20260928T214830.048648Z,1,4,transition,llama_p1024_o128,activate_instance_route,4,4,0,15.180117,15.399963499999998,15.521599
20260928T214830.048648Z,1,4,transition,llama_p1024_o128,place_instance,4,4,0,0.585776,0.6787719999999999,0.754787
20260928T214830.048648Z,1,4,transition,llama_p2048_o64,activate_instance_route,1,1,0,15.095448,15.095448,15.095448
20260928T214830.048648Z,1,4,transition,llama_p2048_o64,place_instance,1,1,0,0.733893,0.733893,0.733893
20260928T214830.048648Z,1,4,transition,resnet50_image,activate_instance_route,1,1,0,10.040401,10.040401,10.040401
20260928T214830.048648Z,1,4,transition,resnet50_image,place_instance,1,1,0,0.659202,0.659202,0.659202
20260928T214830.048648Z,1,4,transition,vgg16_image,activate_instance_route,1,1,0,7.411549,7.411549,7.411549
20260928T214830.048648Z,1,4,transition,vgg16_image,place_instance,1,1,0,0.675985,0.675985,0.675985
20260928T214830.048648Z,1,4,transition,vit_base_image,activate_instance_route,1,1,0,9.841443,9.841443,9.841443
20260928T214830.048648Z,1,4,transition,vit_base_image,place_instance,1,1,0,0.653823,0.653823,0.653823
20260928T214830.048648Z,2,5,transition,vgg16_image,activate_instance_route,1,1,0,1.698175,1.698175,1.698175
20260928T214830.048648Z,2,5,transition,vgg16_image,apply_batch,1,1,0,0.00176,0.00176,0.00176
20260928T214830.048648Z,2,5,transition,vgg16_image,patch_batch_config,1,1,0,3.6e-05,3.6e-05,3.6e-05
20260928T214830.048648Z,2,5,transition,vgg16_image,verify_batch,1,1,0,0.008371,0.008371,0.008371
20260928T214830.048648Z,3,6,transition,llama_p1024_o128,deactivate_instance_route,1,1,0,0.007021,0.007021,0.007021
20260928T214830.048648Z,3,6,transition,llama_p1024_o128,delete_instance,1,1,0,4.052016,4.052016,4.052016
20260928T214830.048648Z,3,6,transition,llama_p1024_o128,wait_instance_drain,1,1,0,1.055998,1.055998,1.055998
20260928T214830.048648Z,3,6,transition,vgg16_image,activate_instance_route,2,2,0,1.689603,3.9828195,6.276036
20260928T214830.048648Z,3,6,transition,vgg16_image,apply_batch,1,1,0,0.001685,0.001685,0.001685
20260928T214830.048648Z,3,6,transition,vgg16_image,patch_batch_config,1,1,0,2.2e-05,2.2e-05,2.2e-05
20260928T214830.048648Z,3,6,transition,vgg16_image,place_instance,1,1,0,0.414853,0.414853,0.414853
20260928T214830.048648Z,3,6,transition,vgg16_image,verify_batch,1,1,0,0.01197,0.01197,0.01197
20260928T214830.048648Z,4,7,transition,GPU-scope,clear_gpu_binding,1,1,0,0.015776,0.015776,0.015776
20260928T214830.048648Z,4,7,transition,GPU-scope,clear_template,1,1,0,1.472249,1.472249,1.472249
20260928T214830.048648Z,4,7,transition,GPU-scope,return_gpu,1,1,0,0.151201,0.151201,0.151201
20260928T214830.048648Z,4,7,transition,llama_p1024_o128,deactivate_instance_route,3,3,0,0.00869,0.021662,0.025915
20260928T214830.048648Z,4,7,transition,llama_p1024_o128,delete_instance,3,3,0,4.050125,4.062399,4.062637
20260928T214830.048648Z,4,7,transition,llama_p1024_o128,wait_instance_drain,3,3,0,0.007435,0.008079,0.013647
20260928T214830.048648Z,4,7,transition,llama_p2048_o64,activate_instance_route,1,1,0,17.264389,17.264389,17.264389
20260928T214830.048648Z,4,7,transition,llama_p2048_o64,deactivate_instance_route,1,1,0,0.014645,0.014645,0.014645
20260928T214830.048648Z,4,7,transition,llama_p2048_o64,delete_instance,1,1,0,4.065967,4.065967,4.065967
20260928T214830.048648Z,4,7,transition,llama_p2048_o64,place_instance,1,1,0,0.206355,0.206355,0.206355
20260928T214830.048648Z,4,7,transition,llama_p2048_o64,wait_instance_drain,1,1,0,0.011127,0.011127,0.011127
20260928T214830.048648Z,4,7,transition,resnet50_image,activate_instance_route,1,1,0,2.279547,2.279547,2.279547
20260928T214830.048648Z,4,7,transition,resnet50_image,apply_batch,1,1,0,0.002216,0.002216,0.002216
20260928T214830.048648Z,4,7,transition,resnet50_image,patch_batch_config,1,1,0,7e-05,7e-05,7e-05
20260928T214830.048648Z,4,7,transition,resnet50_image,verify_batch,1,1,0,0.029558,0.029558,0.029558
20260928T214830.048648Z,4,7,transition,vgg16_image,activate_instance_route,1,1,0,6.074107,6.074107,6.074107
20260928T214830.048648Z,4,7,transition,vgg16_image,deactivate_instance_route,1,1,0,0.047261,0.047261,0.047261
20260928T214830.048648Z,4,7,transition,vgg16_image,delete_instance,1,1,0,4.118213,4.118213,4.118213
20260928T214830.048648Z,4,7,transition,vgg16_image,place_instance,1,1,0,0.406209,0.406209,0.406209
20260928T214830.048648Z,4,7,transition,vgg16_image,wait_instance_drain,1,1,0,0.008548,0.008548,0.008548
20260928T214830.048648Z,5,8,transition,GPU-scope,allocate_gpu,1,1,0,0.012159,0.012159,0.012159
20260928T214830.048648Z,5,8,transition,GPU-scope,bind_target_gpu,1,1,0,0.004707,0.004707,0.004707
20260928T214830.048648Z,5,8,transition,GPU-scope,clear_gpu_binding,2,2,0,0.011546,0.013090500000000001,0.014635
20260928T214830.048648Z,5,8,transition,GPU-scope,clear_template,2,2,0,0.892526,1.360052,1.827578
20260928T214830.048648Z,5,8,transition,GPU-scope,configure_full_template,1,1,0,2.611977,2.611977,2.611977
20260928T214830.048648Z,5,8,transition,GPU-scope,register_mig_devices,1,1,0,5.071485,5.071485,5.071485
20260928T214830.048648Z,5,8,transition,GPU-scope,return_gpu,2,2,0,0.084254,0.157601,0.230948
20260928T214830.048648Z,5,8,transition,gpt2_p512_o512,activate_instance_route,1,1,0,11.714373,11.714373,11.714373
20260928T214830.048648Z,5,8,transition,gpt2_p512_o512,deactivate_instance_route,2,2,0,0.015746,0.021353499999999997,0.026961
20260928T214830.048648Z,5,8,transition,gpt2_p512_o512,delete_instance,2,2,0,4.042846,4.119712,4.196578
20260928T214830.048648Z,5,8,transition,gpt2_p512_o512,place_instance,1,1,0,0.76451,0.76451,0.76451
20260928T214830.048648Z,5,8,transition,gpt2_p512_o512,wait_instance_drain,2,2,0,0.010258,0.0118335,0.013409
20260928T214830.048648Z,5,8,transition,gpt2_p64_o64,activate_instance_route,1,1,0,11.434915,11.434915,11.434915
20260928T214830.048648Z,5,8,transition,gpt2_p64_o64,deactivate_instance_route,1,1,0,0.012125,0.012125,0.012125
20260928T214830.048648Z,5,8,transition,gpt2_p64_o64,delete_instance,1,1,0,4.044775,4.044775,4.044775
20260928T214830.048648Z,5,8,transition,gpt2_p64_o64,place_instance,1,1,0,0.740493,0.740493,0.740493
20260928T214830.048648Z,5,8,transition,gpt2_p64_o64,wait_instance_drain,1,1,0,0.011932,0.011932,0.011932
20260928T214830.048648Z,5,8,transition,llama_p2048_o64,deactivate_instance_route,1,1,0,0.012124,0.012124,0.012124
20260928T214830.048648Z,5,8,transition,llama_p2048_o64,delete_instance,1,1,0,4.03911,4.03911,4.03911
20260928T214830.048648Z,5,8,transition,llama_p2048_o64,wait_instance_drain,1,1,0,0.011239,0.011239,0.011239
20260928T214830.048648Z,5,8,transition,resnet50_image,activate_instance_route,1,1,0,10.512934,10.512934,10.512934
20260928T214830.048648Z,5,8,transition,resnet50_image,deactivate_instance_route,1,1,0,0.021858,0.021858,0.021858
20260928T214830.048648Z,5,8,transition,resnet50_image,delete_instance,1,1,0,4.139812,4.139812,4.139812
20260928T214830.048648Z,5,8,transition,resnet50_image,place_instance,1,1,0,0.744287,0.744287,0.744287
20260928T214830.048648Z,5,8,transition,resnet50_image,wait_instance_drain,1,1,0,0.013569,0.013569,0.013569
20260928T214830.048648Z,5,8,transition,vgg16_image,activate_instance_route,1,1,0,11.525615,11.525615,11.525615
20260928T214830.048648Z,5,8,transition,vgg16_image,deactivate_instance_route,2,2,0,0.006526,0.030368,0.05421
20260928T214830.048648Z,5,8,transition,vgg16_image,delete_instance,2,2,0,4.033661,4.1026299999999996,4.171599
20260928T214830.048648Z,5,8,transition,vgg16_image,place_instance,1,1,0,0.768441,0.768441,0.768441
20260928T214830.048648Z,5,8,transition,vgg16_image,wait_instance_drain,2,2,0,0.004758,0.006000999999999999,0.007244
20260928T214830.048648Z,5,8,transition,vit_base_image,activate_instance_route,1,1,0,11.757251,11.757251,11.757251
20260928T214830.048648Z,5,8,transition,vit_base_image,deactivate_instance_route,1,1,0,0.008406,0.008406,0.008406
20260928T214830.048648Z,5,8,transition,vit_base_image,delete_instance,1,1,0,4.031054,4.031054,4.031054
20260928T214830.048648Z,5,8,transition,vit_base_image,place_instance,1,1,0,0.716771,0.716771,0.716771
20260928T214830.048648Z,5,8,transition,vit_base_image,wait_instance_drain,1,1,0,0.259454,0.259454,0.259454
20260928T214830.048648Z,6,9,transition,vit_base_image,activate_instance_route,1,1,0,1.702355,1.702355,1.702355
20260928T214830.048648Z,6,9,transition,vit_base_image,apply_batch,1,1,0,0.001805,0.001805,0.001805
20260928T214830.048648Z,6,9,transition,vit_base_image,patch_batch_config,1,1,0,2.8e-05,2.8e-05,2.8e-05
20260928T214830.048648Z,6,9,transition,vit_base_image,verify_batch,1,1,0,0.007302,0.007302,0.007302
20260928T214830.048648Z,7,10,transition,vgg16_image,activate_instance_route,1,1,0,2.990303,2.990303,2.990303
20260928T214830.048648Z,7,10,transition,vgg16_image,apply_batch,1,1,0,0.002199,0.002199,0.002199
20260928T214830.048648Z,7,10,transition,vgg16_image,patch_batch_config,1,1,0,7.9e-05,7.9e-05,7.9e-05
20260928T214830.048648Z,7,10,transition,vgg16_image,verify_batch,1,1,0,0.011673,0.011673,0.011673
20260928T214830.048648Z,7,10,transition,vit_base_image,activate_instance_route,1,1,0,2.508715,2.508715,2.508715
20260928T214830.048648Z,7,10,transition,vit_base_image,apply_batch,1,1,0,0.001806,0.001806,0.001806
20260928T214830.048648Z,7,10,transition,vit_base_image,patch_batch_config,1,1,0,2.1e-05,2.1e-05,2.1e-05
20260928T214830.048648Z,7,10,transition,vit_base_image,verify_batch,1,1,0,0.007643,0.007643,0.007643
20260928T214830.048648Z,8,11,transition,vgg16_image,activate_instance_route,1,1,0,1.659632,1.659632,1.659632
20260928T214830.048648Z,8,11,transition,vgg16_image,apply_batch,1,1,0,0.001766,0.001766,0.001766
20260928T214830.048648Z,8,11,transition,vgg16_image,patch_batch_config,1,1,0,2.3e-05,2.3e-05,2.3e-05
20260928T214830.048648Z,8,11,transition,vgg16_image,verify_batch,1,1,0,0.007812,0.007812,0.007812
20260928T214830.048648Z,9,12,transition,GPU-scope,allocate_gpu,1,1,0,0.005991,0.005991,0.005991
20260928T214830.048648Z,9,12,transition,GPU-scope,bind_target_gpu,1,1,0,0.004849,0.004849,0.004849
20260928T214830.048648Z,9,12,transition,GPU-scope,configure_full_template,1,1,0,4.598782,4.598782,4.598782
20260928T214830.048648Z,9,12,transition,GPU-scope,register_mig_devices,1,1,0,4.931197,4.931197,4.931197
20260928T214830.048648Z,9,12,transition,llama_p2048_o64,activate_instance_route,1,1,0,13.966244,13.966244,13.966244
20260928T214830.048648Z,9,12,transition,llama_p2048_o64,place_instance,1,1,0,0.298437,0.298437,0.298437
20260928T214830.048648Z,9,12,transition,vgg16_image,activate_instance_route,1,1,0,4.399593,4.399593,4.399593
20260928T214830.048648Z,9,12,transition,vgg16_image,apply_batch,1,1,0,0.001733,0.001733,0.001733
20260928T214830.048648Z,9,12,transition,vgg16_image,patch_batch_config,1,1,0,2.9e-05,2.9e-05,2.9e-05
20260928T214830.048648Z,9,12,transition,vgg16_image,verify_batch,1,1,0,0.00922,0.00922,0.00922
20260928T214830.048648Z,10,13,transition,GPU-scope,clear_gpu_binding,1,1,0,0.014956,0.014956,0.014956
20260928T214830.048648Z,10,13,transition,GPU-scope,clear_template,1,1,0,3.332758,3.332758,3.332758
20260928T214830.048648Z,10,13,transition,GPU-scope,return_gpu,1,1,0,0.286685,0.286685,0.286685
20260928T214830.048648Z,10,13,transition,llama_p2048_o64,deactivate_instance_route,1,1,0,0.007166,0.007166,0.007166
20260928T214830.048648Z,10,13,transition,llama_p2048_o64,delete_instance,1,1,0,4.033855,4.033855,4.033855
20260928T214830.048648Z,10,13,transition,llama_p2048_o64,wait_instance_drain,1,1,0,0.014774,0.014774,0.014774
20260928T214830.048648Z,10,13,transition,vgg16_image,activate_instance_route,1,1,0,4.394135,4.394135,4.394135
20260928T214830.048648Z,10,13,transition,vgg16_image,apply_batch,1,1,0,0.002474,0.002474,0.002474
20260928T214830.048648Z,10,13,transition,vgg16_image,patch_batch_config,1,1,0,7e-05,7e-05,7e-05
20260928T214830.048648Z,10,13,transition,vgg16_image,verify_batch,1,1,0,0.014761,0.014761,0.014761
20260928T214830.048648Z,10,13,transition,vit_base_image,activate_instance_route,1,1,0,4.082619,4.082619,4.082619
20260928T214830.048648Z,10,13,transition,vit_base_image,apply_batch,1,1,0,0.002419,0.002419,0.002419
20260928T214830.048648Z,10,13,transition,vit_base_image,patch_batch_config,1,1,0,9.6e-05,9.6e-05,9.6e-05
20260928T214830.048648Z,10,13,transition,vit_base_image,verify_batch,1,1,0,0.009838,0.009838,0.009838
20260928T214830.048648Z,11,14,transition,GPU-scope,allocate_gpu,1,1,0,0.004471,0.004471,0.004471
20260928T214830.048648Z,11,14,transition,GPU-scope,bind_target_gpu,1,1,0,0.005756,0.005756,0.005756
20260928T214830.048648Z,11,14,transition,GPU-scope,configure_full_template,1,1,0,2.796655,2.796655,2.796655
20260928T214830.048648Z,11,14,transition,GPU-scope,register_mig_devices,1,1,0,5.652547,5.652547,5.652547
20260928T214830.048648Z,11,14,transition,llama_p2048_o64,activate_instance_route,1,1,0,14.617426,14.617426,14.617426
20260928T214830.048648Z,11,14,transition,llama_p2048_o64,place_instance,1,1,0,0.570361,0.570361,0.570361
20260928T214830.048648Z,12,15,transition,GPU-scope,allocate_gpu,1,1,0,0.004632,0.004632,0.004632
20260928T214830.048648Z,12,15,transition,GPU-scope,bind_target_gpu,1,1,0,0.004847,0.004847,0.004847
20260928T214830.048648Z,12,15,transition,GPU-scope,clear_gpu_binding,1,1,0,0.017563,0.017563,0.017563
20260928T214830.048648Z,12,15,transition,GPU-scope,clear_template,1,1,0,1.929425,1.929425,1.929425
20260928T214830.048648Z,12,15,transition,GPU-scope,configure_full_template,1,1,0,1.245096,1.245096,1.245096
20260928T214830.048648Z,12,15,transition,GPU-scope,configure_partial_profile,1,1,0,3.171806,3.171806,3.171806
20260928T214830.048648Z,12,15,transition,GPU-scope,register_mig_devices,2,2,0,9.549757,9.883382000000001,10.217007
20260928T214830.048648Z,12,15,transition,GPU-scope,return_gpu,1,1,0,0.232117,0.232117,0.232117
20260928T214830.048648Z,12,15,transition,gpt2_p512_o512,activate_instance_route,1,1,0,9.15986,9.15986,9.15986
20260928T214830.048648Z,12,15,transition,gpt2_p512_o512,deactivate_instance_route,1,1,0,0.015043,0.015043,0.015043
20260928T214830.048648Z,12,15,transition,gpt2_p512_o512,delete_instance,1,1,0,4.123808,4.123808,4.123808
20260928T214830.048648Z,12,15,transition,gpt2_p512_o512,place_instance,1,1,0,0.827509,0.827509,0.827509
20260928T214830.048648Z,12,15,transition,gpt2_p512_o512,wait_instance_drain,1,1,0,0.00874,0.00874,0.00874
20260928T214830.048648Z,12,15,transition,gpt2_p64_o64,deactivate_instance_route,1,1,0,0.004701,0.004701,0.004701
20260928T214830.048648Z,12,15,transition,gpt2_p64_o64,delete_instance,1,1,0,4.031306,4.031306,4.031306
20260928T214830.048648Z,12,15,transition,gpt2_p64_o64,wait_instance_drain,1,1,0,0.010331,0.010331,0.010331
20260928T214830.048648Z,12,15,transition,llama_p1024_o128,activate_instance_route,2,2,0,14.918668,17.541034500000002,20.163401
20260928T214830.048648Z,12,15,transition,llama_p1024_o128,place_instance,2,2,0,0.240885,0.6143915,0.987898
20260928T214830.048648Z,12,15,transition,resnet50_image,activate_instance_route,1,1,0,7.991957,7.991957,7.991957
20260928T214830.048648Z,12,15,transition,resnet50_image,deactivate_instance_route,1,1,0,0.015017,0.015017,0.015017
20260928T214830.048648Z,12,15,transition,resnet50_image,delete_instance,1,1,0,4.030585,4.030585,4.030585
20260928T214830.048648Z,12,15,transition,resnet50_image,place_instance,1,1,0,0.883837,0.883837,0.883837
20260928T214830.048648Z,12,15,transition,resnet50_image,wait_instance_drain,1,1,0,0.265368,0.265368,0.265368
20260928T214830.048648Z,12,15,transition,vgg16_image,activate_instance_route,1,1,0,10.924872,10.924872,10.924872
20260928T214830.048648Z,12,15,transition,vgg16_image,deactivate_instance_route,1,1,0,0.005258,0.005258,0.005258
20260928T214830.048648Z,12,15,transition,vgg16_image,delete_instance,1,1,0,4.03457,4.03457,4.03457
20260928T214830.048648Z,12,15,transition,vgg16_image,place_instance,1,1,0,0.245547,0.245547,0.245547
20260928T214830.048648Z,12,15,transition,vgg16_image,wait_instance_drain,1,1,0,0.267578,0.267578,0.267578
20260928T214830.048648Z,12,15,transition,vit_base_image,activate_instance_route,1,1,0,10.536769,10.536769,10.536769
20260928T214830.048648Z,12,15,transition,vit_base_image,deactivate_instance_route,1,1,0,0.005916,0.005916,0.005916
20260928T214830.048648Z,12,15,transition,vit_base_image,delete_instance,1,1,0,4.035753,4.035753,4.035753
20260928T214830.048648Z,12,15,transition,vit_base_image,place_instance,1,1,0,0.228202,0.228202,0.228202
20260928T214830.048648Z,12,15,transition,vit_base_image,wait_instance_drain,1,1,0,0.007524,0.007524,0.007524
