actions,conservative3gMu,error,feasible,fits_3_gpus,gpu_count,h,h_effective,live_round,phase,cap_over_demand_gpt2_p512_o512,cap_over_demand_gpt2_p64_o64,cap_over_demand_llama_p1024_o128,cap_over_demand_llama_p2048_o64,cap_over_demand_resnet50_image,cap_over_demand_vgg16_image,cap_over_demand_vit_base_image
38,False,,True,True,3,0.0,0.0,1,ReachedTarget,1.032,6.097,1.1,3.548,1.268,1.067,1.029
4,False,,True,True,3,0.0,0.0,2,ReachedTarget,2.063,6.097,2.201,1.774,1.432,1.034,1.029
8,False,,True,True,3,0.0,0.0,3,ReachedTarget,2.063,,1.761,3.548,1.433,1.197,1.029
29,False,,True,True,2,0.0,0.0,4,ReachedTarget,4.126,6.097,,3.615,1.131,1.036,1.029
40,False,,True,True,1,0.0,0.0,5,ReachedTarget,2.063,6.097,,,2.049,1.03,1.029
8,False,,True,True,1,0.0,0.0,6,ReachedTarget,,6.097,,,2.802,1.035,1.371
8,False,,True,True,1,0.0,0.0,7,ReachedTarget,,,,,3.254,1.015,1.029
4,False,,True,True,1,0.0,0.0,8,ReachedTarget,,,,,2.276,1.16,1.029
10,False,,True,True,2,0.0,0.0,9,ReachedTarget,2.063,6.097,,3.548,1.86,1.004,1.029
13,False,,True,True,1,0.0,0.0,10,ReachedTarget,2.063,6.097,,,1.706,1.072,1.371
6,False,,True,True,2,0.0,0.0,11,ReachedTarget,,,,3.548,1.272,1.19,1.371
33,False,,True,True,2,0.0,0.0,12,ReachedTarget,,,1.021,3.548,1.401,1.036,1.371
38,False,,True,True,3,0.05,0.028125,1,ReachedTarget,1.032,6.097,1.1,3.548,1.268,1.067,1.029
20,False,,True,True,3,0.05,0.05,2,ReachedTarget,2.063,6.097,1.761,1.774,1.432,1.156,1.234
0,False,,True,True,3,0.05,0.05,3,ReachedTarget,2.063,,1.761,3.548,1.433,1.089,1.234
25,False,,True,True,2,0.05,0.05,4,ReachedTarget,4.126,6.097,,3.615,1.131,1.064,1.234
0,False,,True,True,2,0.05,0.05,5,ReachedTarget,4.126,6.097,,,2.049,1.06,1.234
19,False,,True,True,1,0.05,0.05,6,ReachedTarget,,6.097,,,2.802,1.065,1.371
8,False,,True,True,1,0.05,0.05,7,ReachedTarget,,,,,3.254,1.176,1.234
8,False,,True,True,1,0.05,0.05,8,ReachedTarget,,,,,2.276,1.138,1.234
18,False,,True,True,2,0.05,0.05,9,ReachedTarget,2.063,6.097,,3.548,1.86,1.164,1.234
21,False,,True,True,1,0.05,0.05,10,ReachedTarget,2.063,6.097,,,1.706,1.072,1.371
6,False,,True,True,2,0.05,0.05,11,ReachedTarget,,,,3.548,1.272,1.19,1.371
16,False,,True,True,2,0.05,0.05,12,ReachedTarget,,,1.32,3.548,1.401,1.075,1.371
38,False,,True,True,3,0.1,0.028125,1,ReachedTarget,1.032,6.097,1.1,3.548,1.268,1.067,1.029
20,False,,True,True,3,0.1,0.1,2,ReachedTarget,2.063,6.097,1.761,1.774,1.432,1.156,1.234
8,False,,True,True,3,0.1,0.1,3,ReachedTarget,2.063,,1.761,3.548,1.433,1.181,1.234
29,False,,True,True,2,0.1,0.1,4,ReachedTarget,4.126,6.097,,3.615,1.131,1.197,1.234
0,False,,True,True,2,0.1,0.1,5,ReachedTarget,4.126,6.097,,,2.049,1.194,1.234
19,False,,True,True,1,0.1,0.1,6,ReachedTarget,,6.097,,,2.802,1.199,1.371
4,False,,True,True,1,0.1,0.1,7,ReachedTarget,,,,,3.254,1.176,1.234
8,False,,True,True,1,0.1,0.1,8,ReachedTarget,,,,,2.276,1.138,1.234
18,False,,True,True,2,0.1,0.1,9,ReachedTarget,2.063,6.097,,3.548,1.86,1.164,1.234
21,False,,True,True,1,0.1,0.1,10,ReachedTarget,2.063,6.097,,,1.706,1.112,1.371
10,False,,True,True,2,0.1,0.1,11,ReachedTarget,,,,3.548,1.272,1.19,1.371
16,False,,True,True,3,0.1,0.1,12,ReachedTarget,,,1.167,3.548,1.401,1.209,1.371
38,False,,True,True,3,0.15,0.028124999999999997,1,ReachedTarget,1.032,6.097,1.1,3.548,1.268,1.067,1.029
20,False,,True,True,3,0.15,0.15,2,ReachedTarget,2.063,6.097,1.761,1.774,1.432,1.156,1.234
8,False,,True,True,3,0.15,0.15,3,ReachedTarget,2.063,,1.761,3.548,1.433,1.181,1.234
25,False,,True,True,2,0.15,0.15,4,ReachedTarget,4.126,6.097,,3.615,1.86,1.197,1.234
4,False,,True,True,2,0.15,0.15,5,ReachedTarget,4.126,6.097,,,2.049,1.194,1.234
19,False,,True,True,1,0.15,0.15,6,ReachedTarget,,6.097,,,2.802,1.199,1.371
4,False,,True,True,1,0.15,0.15,7,ReachedTarget,,,,,3.254,1.176,1.234
4,False,,True,True,1,0.15,0.15,8,ReachedTarget,,,,,2.276,1.332,1.234
14,False,,True,True,2,0.15,0.15,9,ReachedTarget,2.063,6.097,,3.548,1.86,1.164,1.234
0,False,,True,True,2,0.15,0.15,10,ReachedTarget,2.063,6.097,,,1.706,1.243,2.056
8,False,,True,True,2,0.15,0.15,11,ReachedTarget,,,,3.548,1.272,1.192,2.056
18,False,,True,True,3,0.15,0.15,12,ReachedTarget,,,1.167,3.548,1.401,1.201,2.056
38,False,,True,True,3,0.2,0.028125,1,ReachedTarget,1.032,6.097,1.1,3.548,1.268,1.067,1.029
16,False,,True,True,3,0.2,0.2,2,ReachedTarget,2.063,6.097,1.761,1.774,1.432,1.254,1.234
4,False,,True,True,3,0.2,0.2,3,ReachedTarget,2.063,,1.761,3.548,1.433,1.216,1.234
21,False,,True,True,2,0.2,0.2,4,ReachedTarget,4.126,6.097,,3.615,1.86,1.298,1.234
4,False,,True,True,2,0.2,0.2,5,ReachedTarget,4.126,6.097,,,2.049,1.294,1.234
19,False,,True,True,1,0.2,0.2,6,ReachedTarget,,6.097,,,2.802,1.3,1.371
4,False,,True,True,1,0.2,0.2,7,ReachedTarget,,,,,3.254,1.276,1.234
8,False,,True,True,1,0.2,0.2,8,ReachedTarget,,,,,2.276,1.332,1.234
18,False,,True,True,2,0.2,0.2,9,ReachedTarget,2.063,6.097,,3.548,1.86,1.262,1.234
8,False,,True,True,2,0.2,0.2,10,ReachedTarget,2.063,6.097,,,1.706,1.243,2.056
4,False,,True,True,2,0.2,0.2,11,ReachedTarget,,,,3.548,1.272,1.226,2.056
14,False,,True,True,3,0.2,0.2,12,ReachedTarget,,,1.32,3.548,1.401,1.201,2.056
38,False,,True,True,3,0.25,0.029296875,1,ReachedTarget,1.032,6.097,1.1,3.548,1.268,1.067,1.029
16,False,,True,True,3,0.25,0.25,2,ReachedTarget,2.063,6.097,1.761,1.774,1.432,1.254,1.279
12,False,,True,True,3,0.25,0.25,3,ReachedTarget,2.063,,1.761,3.548,1.433,1.302,1.279
21,False,,True,True,2,0.25,0.25,4,ReachedTarget,4.126,6.097,,3.615,1.86,1.298,1.279
12,False,,True,True,2,0.25,0.25,5,ReachedTarget,4.126,6.097,,,2.049,1.294,1.279
23,False,,True,True,1,0.25,0.25,6,ReachedTarget,,6.097,,,2.802,1.3,1.371
8,False,,True,True,1,0.25,0.25,7,ReachedTarget,,,,,3.254,1.276,1.279
8,False,,True,True,1,0.25,0.25,8,ReachedTarget,,,,,2.276,1.332,1.279
26,False,,True,True,2,0.25,0.25,9,ReachedTarget,2.063,6.097,,3.615,1.86,1.262,1.279
4,False,,True,True,2,0.25,0.25,10,ReachedTarget,2.063,6.097,,,1.706,1.348,2.056
8,False,,True,True,2,0.25,0.25,11,ReachedTarget,,,,3.615,1.272,1.38,2.056
18,False,,True,True,3,0.25,0.25,12,ReachedTarget,,,1.32,3.615,1.401,1.302,2.056
38,True,,True,True,3,0.0,0.0,1,ReachedTarget,1.032,6.097,1.1,3.548,1.268,1.067,1.029
4,True,,True,True,3,0.0,0.0,2,ReachedTarget,2.063,6.097,2.201,1.774,1.432,1.034,1.029
8,True,,True,True,3,0.0,0.0,3,ReachedTarget,2.063,,1.761,3.548,1.433,1.197,1.029
29,True,,True,True,2,0.0,0.0,4,ReachedTarget,4.126,6.097,,3.615,1.131,1.036,1.029
40,True,,True,True,1,0.0,0.0,5,ReachedTarget,2.063,6.097,,,2.049,1.03,1.029
8,True,,True,True,1,0.0,0.0,6,ReachedTarget,,6.097,,,2.802,1.035,1.371
8,True,,True,True,1,0.0,0.0,7,ReachedTarget,,,,,3.254,1.015,1.029
4,True,,True,True,1,0.0,0.0,8,ReachedTarget,,,,,2.276,1.16,1.029
10,True,,True,True,2,0.0,0.0,9,ReachedTarget,2.063,6.097,,3.548,1.86,1.004,1.029
13,True,,True,True,1,0.0,0.0,10,ReachedTarget,2.063,6.097,,,1.706,1.072,1.371
6,True,,True,True,2,0.0,0.0,11,ReachedTarget,,,,3.548,1.272,1.19,1.371
33,True,,True,True,2,0.0,0.0,12,ReachedTarget,,,1.021,3.548,1.401,1.036,1.371
38,True,,True,True,3,0.05,0.028125,1,ReachedTarget,1.032,6.097,1.1,3.548,1.268,1.067,1.029
20,True,,True,True,3,0.05,0.05,2,ReachedTarget,2.063,6.097,1.761,1.774,1.432,1.156,1.234
0,True,,True,True,3,0.05,0.05,3,ReachedTarget,2.063,,1.761,3.548,1.433,1.089,1.234
25,True,,True,True,2,0.05,0.05,4,ReachedTarget,4.126,6.097,,3.615,1.131,1.064,1.234
0,True,,True,True,2,0.05,0.05,5,ReachedTarget,4.126,6.097,,,2.049,1.06,1.234
19,True,,True,True,1,0.05,0.05,6,ReachedTarget,,6.097,,,2.802,1.065,1.371
8,True,,True,True,1,0.05,0.05,7,ReachedTarget,,,,,3.254,1.176,1.234
8,True,,True,True,1,0.05,0.05,8,ReachedTarget,,,,,2.276,1.138,1.234
18,True,,True,True,2,0.05,0.05,9,ReachedTarget,2.063,6.097,,3.548,1.86,1.164,1.234
21,True,,True,True,1,0.05,0.05,10,ReachedTarget,2.063,6.097,,,1.706,1.072,1.371
6,True,,True,True,2,0.05,0.05,11,ReachedTarget,,,,3.548,1.272,1.19,1.371
16,True,,True,True,2,0.05,0.05,12,ReachedTarget,,,1.32,3.548,1.401,1.075,1.371
38,True,,True,True,3,0.1,0.028125,1,ReachedTarget,1.032,6.097,1.1,3.548,1.268,1.067,1.029
20,True,,True,True,3,0.1,0.1,2,ReachedTarget,2.063,6.097,1.761,1.774,1.432,1.156,1.234
8,True,,True,True,3,0.1,0.1,3,ReachedTarget,2.063,,1.761,3.548,1.433,1.181,1.234
29,True,,True,True,2,0.1,0.1,4,ReachedTarget,4.126,6.097,,3.615,1.131,1.197,1.234
0,True,,True,True,2,0.1,0.1,5,ReachedTarget,4.126,6.097,,,2.049,1.194,1.234
19,True,,True,True,1,0.1,0.1,6,ReachedTarget,,6.097,,,2.802,1.199,1.371
4,True,,True,True,1,0.1,0.1,7,ReachedTarget,,,,,3.254,1.176,1.234
8,True,,True,True,1,0.1,0.1,8,ReachedTarget,,,,,2.276,1.138,1.234
18,True,,True,True,2,0.1,0.1,9,ReachedTarget,2.063,6.097,,3.548,1.86,1.164,1.234
21,True,,True,True,1,0.1,0.1,10,ReachedTarget,2.063,6.097,,,1.706,1.112,1.371
10,True,,True,True,2,0.1,0.1,11,ReachedTarget,,,,3.548,1.272,1.19,1.371
16,True,,True,True,3,0.1,0.1,12,ReachedTarget,,,1.167,3.548,1.401,1.209,1.371
38,True,,True,True,3,0.15,0.028124999999999997,1,ReachedTarget,1.032,6.097,1.1,3.548,1.268,1.067,1.029
20,True,,True,True,3,0.15,0.15,2,ReachedTarget,2.063,6.097,1.761,1.774,1.432,1.156,1.234
8,True,,True,True,3,0.15,0.15,3,ReachedTarget,2.063,,1.761,3.548,1.433,1.181,1.234
25,True,,True,True,2,0.15,0.15,4,ReachedTarget,4.126,6.097,,3.615,1.86,1.197,1.234
4,True,,True,True,2,0.15,0.15,5,ReachedTarget,4.126,6.097,,,2.049,1.194,1.234
19,True,,True,True,1,0.15,0.15,6,ReachedTarget,,6.097,,,2.802,1.199,1.371
4,True,,True,True,1,0.15,0.15,7,ReachedTarget,,,,,3.254,1.176,1.234
4,True,,True,True,1,0.15,0.15,8,ReachedTarget,,,,,2.276,1.332,1.234
14,True,,True,True,2,0.15,0.15,9,ReachedTarget,2.063,6.097,,3.548,1.86,1.164,1.234
0,True,,True,True,2,0.15,0.15,10,ReachedTarget,2.063,6.097,,,1.706,1.243,2.056
8,True,,True,True,2,0.15,0.15,11,ReachedTarget,,,,3.548,1.272,1.192,2.056
18,True,,True,True,3,0.15,0.15,12,ReachedTarget,,,1.167,3.548,1.401,1.201,2.056
38,True,,True,True,3,0.2,0.028125,1,ReachedTarget,1.032,6.097,1.1,3.548,1.268,1.067,1.029
16,True,,True,True,3,0.2,0.2,2,ReachedTarget,2.063,6.097,1.761,1.774,1.432,1.254,1.234
4,True,,True,True,3,0.2,0.2,3,ReachedTarget,2.063,,1.761,3.548,1.433,1.216,1.234
21,True,,True,True,2,0.2,0.2,4,ReachedTarget,4.126,6.097,,3.615,1.86,1.298,1.234
4,True,,True,True,2,0.2,0.2,5,ReachedTarget,4.126,6.097,,,2.049,1.294,1.234
19,True,,True,True,1,0.2,0.2,6,ReachedTarget,,6.097,,,2.802,1.3,1.371
4,True,,True,True,1,0.2,0.2,7,ReachedTarget,,,,,3.254,1.276,1.234
8,True,,True,True,1,0.2,0.2,8,ReachedTarget,,,,,2.276,1.332,1.234
18,True,,True,True,2,0.2,0.2,9,ReachedTarget,2.063,6.097,,3.548,1.86,1.262,1.234
8,True,,True,True,2,0.2,0.2,10,ReachedTarget,2.063,6.097,,,1.706,1.243,2.056
4,True,,True,True,2,0.2,0.2,11,ReachedTarget,,,,3.548,1.272,1.226,2.056
14,True,,True,True,3,0.2,0.2,12,ReachedTarget,,,1.32,3.548,1.401,1.201,2.056
38,True,,True,True,3,0.25,0.029296875,1,ReachedTarget,1.032,6.097,1.1,3.548,1.268,1.067,1.029
16,True,,True,True,3,0.25,0.25,2,ReachedTarget,2.063,6.097,1.761,1.774,1.432,1.254,1.279
12,True,,True,True,3,0.25,0.25,3,ReachedTarget,2.063,,1.761,3.548,1.433,1.302,1.279
21,True,,True,True,2,0.25,0.25,4,ReachedTarget,4.126,6.097,,3.615,1.86,1.298,1.279
12,True,,True,True,2,0.25,0.25,5,ReachedTarget,4.126,6.097,,,2.049,1.294,1.279
23,True,,True,True,1,0.25,0.25,6,ReachedTarget,,6.097,,,2.802,1.3,1.371
8,True,,True,True,1,0.25,0.25,7,ReachedTarget,,,,,3.254,1.276,1.279
8,True,,True,True,1,0.25,0.25,8,ReachedTarget,,,,,2.276,1.332,1.279
26,True,,True,True,2,0.25,0.25,9,ReachedTarget,2.063,6.097,,3.615,1.86,1.262,1.279
4,True,,True,True,2,0.25,0.25,10,ReachedTarget,2.063,6.097,,,1.706,1.348,2.056
8,True,,True,True,2,0.25,0.25,11,ReachedTarget,,,,3.615,1.272,1.38,2.056
18,True,,True,True,3,0.25,0.25,12,ReachedTarget,,,1.32,3.615,1.401,1.302,2.056
